Year,Month,Measure,Value
1872,Mar,max,48
1872,Mar,mean,18
1872,Mar,min,-8
1872,Apr,max,85
1872,Apr,mean,38
1872,Apr,min,28
1872,May,max,85
1872,May,mean,51
1872,May,min,40
1872,Jun,max,94
1872,Jun,mean,61
1872,Jun,min,47
1872,Jul,max,98
1872,Jul,mean,65
1872,Jul,min,55
1872,Aug,max,95
1872,Aug,mean,64
1872,Aug,min,50
1872,Sep,max,95
1872,Sep,mean,56
1872,Sep,min,43
1872,Oct,max,75
1872,Oct,mean,44
1872,Oct,min,35
1872,Nov,max,62
1872,Nov,mean,34
1872,Nov,min,15
1872,Dec,max,47
1872,Dec,mean,16
1872,Dec,min,-8
1873,Jan,max,52
1873,Jan,mean,17
1873,Jan,min,-5
1873,Feb,max,52
1873,Feb,mean,19
1873,Feb,min,-4
1873,Mar,max,60
1873,Mar,mean,26
1873,Mar,min,12
1873,Apr,max,66
1873,Apr,mean,38
1873,Apr,min,34
1873,May,max,89
1873,May,mean,47
1873,May,min,34
1873,Jun,max,93
1873,Jun,mean,57
1873,Jun,min,47
1873,Jul,max,96
1873,Jul,mean,63
1873,Jul,min,55
1873,Aug,max,96
1873,Aug,mean,61
1873,Aug,min,50
1873,Sep,max,90
1873,Sep,mean,53
1873,Sep,min,42
1873,Oct,max,73
1873,Oct,mean,44
1873,Oct,min,32
1873,Nov,max,57
1873,Nov,mean,26
1873,Nov,min,11
1873,Dec,max,62
1873,Dec,mean,25
1873,Dec,min,6
1874,Jan,max,60
1874,Jan,mean,23
1874,Jan,min,0
1874,Feb,max,54
1874,Feb,mean,19
1874,Feb,min,0
1874,Mar,max,63
1874,Mar,mean,26
1874,Mar,min,6
1874,Apr,max,67
1874,Apr,mean,31
1874,Apr,min,11
1874,May,max,86
1874,May,mean,46
1874,May,min,32
1874,Jun,max,98
1874,Jun,mean,57
1874,Jun,min,49
1874,Jul,max,94
1874,Jul,mean,63
1874,Jul,min,54
1874,Aug,max,91
1874,Aug,mean,59
1874,Aug,min,51
1874,Sep,max,90
1874,Sep,mean,57
1874,Sep,min,46
1874,Oct,max,71
1874,Oct,mean,44
1874,Oct,min,36
1874,Nov,max,64
1874,Nov,mean,33
1874,Nov,min,13
1874,Dec,max,59
1874,Dec,mean,22
1874,Dec,min,-2
1875,Jan,max,36
1875,Jan,mean,12
1875,Jan,min,-2
1875,Feb,max,60
1875,Feb,mean,13
1875,Feb,min,-5
1875,Mar,max,56
1875,Mar,mean,23
1875,Mar,min,2
1875,Apr,max,69
1875,Apr,mean,34
1875,Apr,min,21
1875,May,max,84
1875,May,mean,48
1875,May,min,37
1875,Jun,max,94
1875,Jun,mean,56
1875,Jun,min,46
1875,Jul,max,93
1875,Jul,mean,62
1875,Jul,min,54
1875,Aug,max,87
1875,Aug,mean,63
1875,Aug,min,54
1875,Sep,max,87
1875,Sep,mean,51
1875,Sep,min,35
1875,Oct,max,74
1875,Oct,mean,42
1875,Oct,min,30
1875,Nov,max,60
1875,Nov,mean,26
1875,Nov,min,-2
1875,Dec,max,58
1875,Dec,mean,22
1875,Dec,min,-11
1876,Jan,max,70
1876,Jan,mean,22
1876,Jan,min,5
1876,Feb,max,56
1876,Feb,mean,19
1876,Feb,min,-6
1876,Mar,max,68
1876,Mar,mean,25
1876,Mar,min,5
1876,Apr,max,76
1876,Apr,mean,35
1876,Apr,min,24
1876,May,max,86
1876,May,mean,46
1876,May,min,34
1876,Jun,max,90
1876,Jun,mean,60
1876,Jun,min,44
1876,Jul,max,96
1876,Jul,mean,65
1876,Jul,min,52
1876,Aug,max,96
1876,Aug,mean,62
1876,Aug,min,50
1876,Sep,max,91
1876,Sep,mean,53
1876,Sep,min,44
1876,Oct,max,70
1876,Oct,mean,39
1876,Oct,min,26
1876,Nov,max,75
1876,Nov,mean,35
1876,Nov,min,14
1876,Dec,max,48
1876,Dec,mean,13
1876,Dec,min,-4
1877,Jan,max,50
1877,Jan,mean,16
1877,Jan,min,2
1877,Feb,max,56
1877,Feb,mean,25
1877,Feb,min,13
1877,Mar,max,57
1877,Mar,mean,27
1877,Mar,min,8
1877,Apr,max,73
1877,Apr,mean,37
1877,Apr,min,29
1877,May,max,86
1877,May,mean,46
1877,May,min,34
1877,Jun,max,92
1877,Jun,mean,58
1877,Jun,min,47
1877,Jul,max,91
1877,Jul,mean,64
1877,Jul,min,57
1877,Aug,max,92
1877,Aug,mean,64
1877,Aug,min,58
1877,Sep,max,88
1877,Sep,mean,56
1877,Sep,min,44
1877,Oct,max,82
1877,Oct,mean,43
1877,Oct,min,31
1877,Nov,max,66
1877,Nov,mean,37
1877,Nov,min,24
1877,Dec,max,59
1877,Dec,mean,27
1877,Dec,min,14
1878,Jan,max,54
1878,Jan,mean,18
1878,Jan,min,-6
1878,Feb,max,56
1878,Feb,mean,22
1878,Feb,min,4
1878,Mar,max,71
1878,Mar,mean,31
1878,Mar,min,10
1878,Apr,max,77
1878,Apr,mean,42
1878,Apr,min,34
1878,May,max,85
1878,May,mean,48
1878,May,min,38
1878,Jun,max,92
1878,Jun,mean,56
1878,Jun,min,45
1878,Jul,max,98
1878,Jul,mean,64
1878,Jul,min,54
1878,Aug,max,87
1878,Aug,mean,61
1878,Aug,min,53
1878,Sep,max,91
1878,Sep,mean,56
1878,Sep,min,40
1878,Oct,max,80
1878,Oct,mean,47
1878,Oct,min,33
1878,Nov,max,61
1878,Nov,mean,33
1878,Nov,min,22
1878,Dec,max,59
1878,Dec,mean,23
1878,Dec,min,10
1879,Jan,max,56
1879,Jan,mean,14
1879,Jan,min,0
1879,Feb,max,56
1879,Feb,mean,15
1879,Feb,min,4
1879,Mar,max,61
1879,Mar,mean,26
1879,Mar,min,8
1879,Apr,max,70
1879,Apr,mean,34
1879,Apr,min,19
1879,May,max,93
1879,May,mean,50
1879,May,min,38
1879,Jun,max,96
1879,Jun,mean,55
1879,Jun,min,45
1879,Jul,max,94
1879,Jul,mean,62
1879,Jul,min,50
1879,Aug,max,95
1879,Aug,mean,61
1879,Aug,min,52
1879,Sep,max,89
1879,Sep,mean,52
1879,Sep,min,34
1879,Oct,max,88
1879,Oct,mean,48
1879,Oct,min,25
1879,Nov,max,69
1879,Nov,mean,30
1879,Nov,min,9
1879,Dec,max,63
1879,Dec,mean,24
1879,Dec,min,0
1880,Jan,max,59
1880,Jan,mean,26
1880,Jan,min,8
1880,Feb,max,64
1880,Feb,mean,21
1880,Feb,min,-5
1880,Mar,max,72
1880,Mar,mean,25
1880,Mar,min,12
1880,Apr,max,73
1880,Apr,mean,37
1880,Apr,min,22
1880,May,max,97
1880,May,mean,53
1880,May,min,33
1880,Jun,max,93
1880,Jun,mean,58
1880,Jun,min,48
1880,Jul,max,101
1880,Jul,mean,63
1880,Jul,min,52
1880,Aug,max,96
1880,Aug,mean,60
1880,Aug,min,47
1880,Sep,max,93
1880,Sep,mean,56
1880,Sep,min,43
1880,Oct,max,80
1880,Oct,mean,42
1880,Oct,min,27
1880,Nov,max,64
1880,Nov,mean,30
1880,Nov,min,11
1880,Dec,max,50
1880,Dec,mean,19
1880,Dec,min,-4
1881,Jan,max,48
1881,Jan,mean,13
1881,Jan,min,-2
1881,Feb,max,55
1881,Feb,mean,19
1881,Feb,min,-5
1881,Mar,max,53
1881,Mar,mean,31
1881,Mar,min,24
1881,Apr,max,80
1881,Apr,mean,34
1881,Apr,min,20
1881,May,max,91
1881,May,mean,47
1881,May,min,36
1881,Jun,max,86
1881,Jun,mean,52
1881,Jun,min,44
1881,Jul,max,89
1881,Jul,mean,61
1881,Jul,min,54
1881,Aug,max,97
1881,Aug,mean,62
1881,Aug,min,53
1881,Sep,max,102
1881,Sep,mean,59
1881,Sep,min,49
1881,Oct,max,90
1881,Oct,mean,44
1881,Oct,min,28
1881,Nov,max,71
1881,Nov,mean,34
1881,Nov,min,15
1881,Dec,max,66
1881,Dec,mean,30
1881,Dec,min,10
1882,Jan,max,52
1882,Jan,mean,17
1882,Jan,min,-13
1882,Feb,max,60
1882,Feb,mean,21
1882,Feb,min,4
1882,Mar,max,61
1882,Mar,mean,27
1882,Mar,min,15
1882,Apr,max,68
1882,Apr,mean,33
1882,Apr,min,19
1882,May,max,81
1882,May,mean,41
1882,May,min,31
1882,Jun,max,94
1882,Jun,mean,56
1882,Jun,min,48
1882,Jul,max,98
1882,Jul,mean,63
1882,Jul,min,52
1882,Aug,max,92
1882,Aug,mean,61
1882,Aug,min,51
1882,Sep,max,88
1882,Sep,mean,57
1882,Sep,min,46
1882,Oct,max,83
1882,Oct,mean,48
1882,Oct,min,39
1882,Nov,max,72
1882,Nov,mean,32
1882,Nov,min,19
1882,Dec,max,54
1882,Dec,mean,23
1882,Dec,min,6
1883,Jan,max,50
1883,Jan,mean,15
1883,Jan,min,0
1883,Feb,max,60
1883,Feb,mean,19
1883,Feb,min,11
1883,Mar,max,58
1883,Mar,mean,21
1883,Mar,min,8
1883,Apr,max,74
1883,Apr,mean,36
1883,Apr,min,23
1883,May,max,88
1883,May,mean,47
1883,May,min,37
1883,Jun,max,91
1883,Jun,mean,60
1883,Jun,min,51
1883,Jul,max,96
1883,Jul,mean,61
1883,Jul,min,51
1883,Aug,max,92
1883,Aug,mean,59
1883,Aug,min,48
1883,Sep,max,79
1883,Sep,mean,51
1883,Sep,min,41
1883,Oct,max,80
1883,Oct,mean,39
1883,Oct,min,29
1883,Nov,max,69
1883,Nov,mean,34
1883,Nov,min,14
1883,Dec,max,58
1883,Dec,mean,21
1883,Dec,min,-12
1884,Jan,max,52
1884,Jan,mean,16
1884,Jan,min,0
1884,Feb,max,59
1884,Feb,mean,23
1884,Feb,min,3
1884,Mar,max,60
1884,Mar,mean,26
1884,Mar,min,4
1884,Apr,max,69
1884,Apr,mean,37
1884,Apr,min,27
1884,May,max,88
1884,May,mean,46
1884,May,min,35
1884,Jun,max,93
1884,Jun,mean,56
1884,Jun,min,42
1884,Jul,max,90
1884,Jul,mean,60
1884,Jul,min,54
1884,Aug,max,94
1884,Aug,mean,62
1884,Aug,min,51
1884,Sep,max,94
1884,Sep,mean,57
1884,Sep,min,40
1884,Oct,max,83
1884,Oct,mean,44
1884,Oct,min,31
1884,Nov,max,65
1884,Nov,mean,33
1884,Nov,min,22
1884,Dec,max,62
1884,Dec,mean,26
1884,Dec,min,-10
1885,Jan,max,60
1885,Jan,mean,18
1885,Jan,min,-2
1885,Feb,max,52
1885,Feb,mean,13
1885,Feb,min,1
1885,Mar,max,59
1885,Mar,mean,18
1885,Mar,min,3
1885,Apr,max,82
1885,Apr,mean,38
1885,Apr,min,27
1885,May,max,84
1885,May,mean,46
1885,May,min,35
1885,Jun,max,92
1885,Jun,mean,56
1885,Jun,min,45
1885,Jul,max,93
1885,Jul,mean,63
1885,Jul,min,51
1885,Aug,max,89
1885,Aug,mean,60
1885,Aug,min,47
1885,Sep,max,84
1885,Sep,mean,51
1885,Sep,min,39
1885,Oct,max,73
1885,Oct,mean,44
1885,Oct,min,33
1885,Nov,max,69
1885,Nov,mean,37
1885,Nov,min,23
1885,Dec,max,63
1885,Dec,mean,25
1885,Dec,min,12
1886,Jan,max,54
1886,Jan,mean,19
1886,Jan,min,-10
1886,Feb,max,57
1886,Feb,mean,18
1886,Feb,min,-7
1886,Mar,max,64
1886,Mar,mean,26
1886,Mar,min,-1
1886,Apr,max,84
1886,Apr,mean,40
1886,Apr,min,27
1886,May,max,85
1886,May,mean,48
1886,May,min,38
1886,Jun,max,82
1886,Jun,mean,56
1886,Jun,min,50
1886,Jul,max,95
1886,Jul,mean,63
1886,Jul,min,54
1886,Aug,max,90
1886,Aug,mean,60
1886,Aug,min,49
1886,Sep,max,85
1886,Sep,mean,55
1886,Sep,min,41
1886,Oct,max,80
1886,Oct,mean,44
1886,Oct,min,27
1886,Nov,max,66
1886,Nov,mean,36
1886,Nov,min,24
1886,Dec,max,55
1886,Dec,mean,21
1886,Dec,min,6
1887,Jan,max,56
1887,Jan,mean,16
1887,Jan,min,-5
1887,Feb,max,48
1887,Feb,mean,21
1887,Feb,min,5
1887,Mar,max,53
1887,Mar,mean,24
1887,Mar,min,10
1887,Apr,max,80
1887,Apr,mean,36
1887,Apr,min,23
1887,May,max,89
1887,May,mean,52
1887,May,min,45
1887,Jun,max,89
1887,Jun,mean,57
1887,Jun,min,48
1887,Jul,max,95
1887,Jul,mean,67
1887,Jul,min,61
1887,Aug,max,86
1887,Aug,mean,60
1887,Aug,min,52
1887,Sep,max,80
1887,Sep,mean,52
1887,Sep,min,40
1887,Oct,max,73
1887,Oct,mean,44
1887,Oct,min,27
1887,Nov,max,69
1887,Nov,mean,34
1887,Nov,min,12
1887,Dec,max,59
1887,Dec,mean,26
1887,Dec,min,5
1888,Jan,max,57
1888,Jan,mean,11
1888,Jan,min,-6
1888,Feb,max,56
1888,Feb,mean,20
1888,Feb,min,-4
1888,Mar,max,58
1888,Mar,mean,25
1888,Mar,min,10
1888,Apr,max,66
1888,Apr,mean,35
1888,Apr,min,21
1888,May,max,77
1888,May,mean,46
1888,May,min,35
1888,Jun,max,96
1888,Jun,mean,57
1888,Jun,min,49
1888,Jul,max,89
1888,Jul,mean,60
1888,Jul,min,51
1888,Aug,max,88
1888,Aug,mean,61
1888,Aug,min,52
1888,Sep,max,80
1888,Sep,mean,54
1888,Sep,min,36
1888,Oct,max,69
1888,Oct,mean,41
1888,Oct,min,34
1888,Nov,max,74
1888,Nov,mean,36
1888,Nov,min,13
1888,Dec,max,60
1888,Dec,mean,28
1888,Dec,min,5
1889,Jan,max,60
1889,Jan,mean,30
1889,Jan,min,9
1889,Feb,max,50
1889,Feb,mean,19
1889,Feb,min,-1
1889,Mar,max,64
1889,Mar,mean,32
1889,Mar,min,22
1889,Apr,max,81
1889,Apr,mean,41
1889,Apr,min,32
1889,May,max,91
1889,May,mean,51
1889,May,min,41
1889,Jun,max,87
1889,Jun,mean,61
1889,Jun,min,50
1889,Jul,max,86
1889,Jul,mean,63
1889,Jul,min,55
1889,Aug,max,84
1889,Aug,mean,61
1889,Aug,min,52
1889,Sep,max,83
1889,Sep,mean,57
1889,Sep,min,43
1889,Oct,max,74
1889,Oct,mean,42
1889,Oct,min,32
1889,Nov,max,66
1889,Nov,mean,39
1889,Nov,min,21
1889,Dec,max,65
1889,Dec,mean,31
1889,Dec,min,10
1890,Jan,max,66
1890,Jan,mean,24
1890,Jan,min,8
1890,Feb,max,64
1890,Feb,mean,25
1890,Feb,min,5
1890,Mar,max,68
1890,Mar,mean,28
1890,Mar,min,4
1890,Apr,max,72
1890,Apr,mean,38
1890,Apr,min,26
1890,May,max,80
1890,May,mean,49
1890,May,min,39
1890,Jun,max,87
1890,Jun,mean,56
1890,Jun,min,50
1890,Jul,max,95
1890,Jul,mean,63
1890,Jul,min,52
1890,Aug,max,89
1890,Aug,mean,62
1890,Aug,min,50
1890,Sep,max,83
1890,Sep,mean,56
1890,Sep,min,39
1890,Oct,max,77
1890,Oct,mean,46
1890,Oct,min,36
1890,Nov,max,64
1890,Nov,mean,34
1890,Nov,min,15
1890,Dec,max,56
1890,Dec,mean,18
1890,Dec,min,0
1891,Jan,max,56
1891,Jan,mean,25
1891,Jan,min,12
1891,Feb,max,62
1891,Feb,mean,24
1891,Feb,min,2
1891,Mar,max,55
1891,Mar,mean,27
1891,Mar,min,3
1891,Apr,max,78
1891,Apr,mean,39
1891,Apr,min,27
1891,May,max,81
1891,May,mean,47
1891,May,min,33
1891,Jun,max,96
1891,Jun,mean,57
1891,Jun,min,45
1891,Jul,max,90
1891,Jul,mean,61
1891,Jul,min,56
1891,Aug,max,90
1891,Aug,mean,63
1891,Aug,min,54
1891,Sep,max,90
1891,Sep,mean,60
1891,Sep,min,50
1891,Oct,max,83
1891,Oct,mean,44
1891,Oct,min,28
1891,Nov,max,66
1891,Nov,mean,34
1891,Nov,min,9
1891,Dec,max,64
1891,Dec,mean,33
1891,Dec,min,11
1892,Jan,max,63
1892,Jan,mean,21
1892,Jan,min,1
1892,Feb,max,46
1892,Feb,mean,23
1892,Feb,min,5
1892,Mar,max,56
1892,Mar,mean,26
1892,Mar,min,14
1892,Apr,max,77
1892,Apr,mean,39
1892,Apr,min,27
1892,May,max,78
1892,May,mean,49
1892,May,min,39
1892,Jun,max,96
1892,Jun,mean,61
1892,Jun,min,49
1892,Jul,max,96
1892,Jul,mean,65
1892,Jul,min,54
1892,Aug,max,94
1892,Aug,mean,64
1892,Aug,min,55
1892,Sep,max,80
1892,Sep,mean,54
1892,Sep,min,46
1892,Oct,max,78
1892,Oct,mean,45
1892,Oct,min,36
1892,Nov,max,66
1892,Nov,mean,35
1892,Nov,min,20
1892,Dec,max,48
1892,Dec,mean,24
1892,Dec,min,0
1893,Jan,max,53
1893,Jan,mean,12
1893,Jan,min,-4
1893,Feb,max,53
1893,Feb,mean,18
1893,Feb,min,-1
1893,Mar,max,58
1893,Mar,mean,27
1893,Mar,min,13
1893,Apr,max,68
1893,Apr,mean,36
1893,Apr,min,26
1893,May,max,88
1893,May,mean,48
1893,May,min,38
1893,Jun,max,94
1893,Jun,mean,57
1893,Jun,min,52
1893,Jul,max,91
1893,Jul,mean,62
1893,Jul,min,54
1893,Aug,max,93
1893,Aug,mean,62
1893,Aug,min,53
1893,Sep,max,80
1893,Sep,mean,52
1893,Sep,min,43
1893,Oct,max,79
1893,Oct,mean,48
1893,Oct,min,30
1893,Nov,max,68
1893,Nov,mean,34
1893,Nov,min,20
1893,Dec,max,57
1893,Dec,mean,20
1893,Dec,min,0
1894,Jan,max,56
1894,Jan,mean,23
1894,Jan,min,2
1894,Feb,max,51
1894,Feb,mean,19
1894,Feb,min,-7
1894,Mar,max,70
1894,Mar,mean,34
1894,Mar,min,20
1894,Apr,max,79
1894,Apr,mean,39
1894,Apr,min,23
1894,May,max,88
1894,May,mean,49
1894,May,min,39
1894,Jun,max,95
1894,Jun,mean,59
1894,Jun,min,47
1894,Jul,max,97
1894,Jul,mean,65
1894,Jul,min,56
1894,Aug,max,90
1894,Aug,mean,60
1894,Aug,min,47
1894,Sep,max,88
1894,Sep,mean,58
1894,Sep,min,42
1894,Oct,max,76
1894,Oct,mean,47
1894,Oct,min,38
1894,Nov,max,66
1894,Nov,mean,32
1894,Nov,min,15
1894,Dec,max,55
1894,Dec,mean,25
1894,Dec,min,8
1895,Jan,max,54
1895,Jan,mean,21
1895,Jan,min,4
1895,Feb,max,46
1895,Feb,mean,16
1895,Feb,min,-6
1895,Mar,max,58
1895,Mar,mean,28
1895,Mar,min,14
1895,Apr,max,80
1895,Apr,mean,38
1895,Apr,min,27
1895,May,max,90
1895,May,mean,50
1895,May,min,36
1895,Jun,max,96
1895,Jun,mean,60
1895,Jun,min,50
1895,Jul,max,85
1895,Jul,mean,62
1895,Jul,min,54
1895,Aug,max,89
1895,Aug,mean,63
1895,Aug,min,50
1895,Sep,max,96
1895,Sep,mean,57
1895,Sep,min,42
1895,Oct,max,70
1895,Oct,mean,41
1895,Oct,min,32
1895,Nov,max,73
1895,Nov,mean,38
1895,Nov,min,21
1895,Dec,max,64
1895,Dec,mean,28
1895,Dec,min,8
1896,Jan,max,45
1896,Jan,mean,18
1896,Jan,min,-10
1896,Feb,max,56
1896,Feb,mean,20
1896,Feb,min,-11
1896,Mar,max,64
1896,Mar,mean,24
1896,Mar,min,12
1896,Apr,max,84
1896,Apr,mean,39
1896,Apr,min,25
1896,May,max,94
1896,May,mean,51
1896,May,min,38
1896,Jun,max,92
1896,Jun,mean,58
1896,Jun,min,49
1896,Jul,max,93
1896,Jul,mean,64
1896,Jul,min,57
1896,Aug,max,95
1896,Aug,mean,63
1896,Aug,min,52
1896,Sep,max,90
1896,Sep,mean,55
1896,Sep,min,40
1896,Oct,max,76
1896,Oct,mean,44
1896,Oct,min,33
1896,Nov,max,72
1896,Nov,mean,38
1896,Nov,min,22
1896,Dec,max,58
1896,Dec,mean,23
1896,Dec,min,4
1897,Jan,max,60
1897,Jan,mean,21
1897,Jan,min,2
1897,Feb,max,52
1897,Feb,mean,24
1897,Feb,min,12
1897,Mar,max,57
1897,Mar,mean,29
1897,Mar,min,7
1897,Apr,max,81
1897,Apr,mean,40
1897,Apr,min,21
1897,May,max,76
1897,May,mean,50
1897,May,min,39
1897,Jun,max,87
1897,Jun,mean,54
1897,Jun,min,47
1897,Jul,max,94
1897,Jul,mean,64
1897,Jul,min,55
1897,Aug,max,86
1897,Aug,mean,62
1897,Aug,min,53
1897,Sep,max,94
1897,Sep,mean,54
1897,Sep,min,41
1897,Oct,max,88
1897,Oct,mean,46
1897,Oct,min,32
1897,Nov,max,68
1897,Nov,mean,33
1897,Nov,min,13
1897,Dec,max,64
1897,Dec,mean,28
1897,Dec,min,9
1898,Jan,max,55
1898,Jan,mean,22
1898,Jan,min,1
1898,Feb,max,59
1898,Feb,mean,26
1898,Feb,min,5
1898,Mar,max,66
1898,Mar,mean,36
1898,Mar,min,25
1898,Apr,max,72
1898,Apr,mean,37
1898,Apr,min,23
1898,May,max,84
1898,May,mean,49
1898,May,min,39
1898,Jun,max,92
1898,Jun,mean,58
1898,Jun,min,50
1898,Jul,max,99
1898,Jul,mean,64
1898,Jul,min,55
1898,Aug,max,94
1898,Aug,mean,65
1898,Aug,min,55
1898,Sep,max,92
1898,Sep,mean,57
1898,Sep,min,44
1898,Oct,max,85
1898,Oct,mean,47
1898,Oct,min,35
1898,Nov,max,63
1898,Nov,mean,36
1898,Nov,min,22
1898,Dec,max,58
1898,Dec,mean,25
1898,Dec,min,0
1899,Jan,max,57
1899,Jan,mean,20
1899,Jan,min,-3
1899,Feb,max,54
1899,Feb,mean,20
1899,Feb,min,-4
1899,Mar,max,65
1899,Mar,mean,27
1899,Mar,min,15
1899,Apr,max,83
1899,Apr,mean,39
1899,Apr,min,28
1899,May,max,89
1899,May,mean,49
1899,May,min,41
1899,Jun,max,93
1899,Jun,mean,60
1899,Jun,min,52
1899,Jul,max,94
1899,Jul,mean,64
1899,Jul,min,55
1899,Aug,max,90
1899,Aug,mean,61
1899,Aug,min,53
1899,Sep,max,82
1899,Sep,mean,54
1899,Sep,min,44
1899,Oct,max,77
1899,Oct,mean,47
1899,Oct,min,34
1899,Nov,max,66
1899,Nov,mean,35
1899,Nov,min,25
1899,Dec,max,66
1899,Dec,mean,29
1899,Dec,min,5
1900,Jan,max,60
1900,Jan,mean,21
1900,Jan,min,8
1900,Feb,max,60
1900,Feb,mean,22
1900,Feb,min,-4
1900,Mar,max,59
1900,Mar,mean,24
1900,Mar,min,7
1900,Apr,max,81
1900,Apr,mean,40
1900,Apr,min,27
1900,May,max,93
1900,May,mean,45
1900,May,min,33
1900,Jun,max,94
1900,Jun,mean,59
1900,Jun,min,46
1900,Jul,max,97
1900,Jul,mean,65
1900,Jul,min,55
1900,Aug,max,97
1900,Aug,mean,63
1900,Aug,min,52
1900,Sep,max,91
1900,Sep,mean,58
1900,Sep,min,44
1900,Oct,max,82
1900,Oct,mean,50
1900,Oct,min,32
1900,Nov,max,73
1900,Nov,mean,38
1900,Nov,min,21
1900,Dec,max,59
1900,Dec,mean,26
1900,Dec,min,8
1901,Jan,max,50
1901,Jan,mean,20
1901,Jan,min,-3
1901,Feb,max,47
1901,Feb,mean,17
1901,Feb,min,10
1901,Mar,max,58
1901,Mar,mean,30
1901,Mar,min,9
1901,Apr,max,75
1901,Apr,mean,39
1901,Apr,min,33
1901,May,max,84
1901,May,mean,48
1901,May,min,38
1901,Jun,max,97
1901,Jun,mean,59
1901,Jun,min,49
1901,Jul,max,96
1901,Jul,mean,65
1901,Jul,min,53
1901,Aug,max,88
1901,Aug,mean,64
1901,Aug,min,59
1901,Sep,max,89
1901,Sep,mean,57
1901,Sep,min,44
1901,Oct,max,76
1901,Oct,mean,46
1901,Oct,min,35
1901,Nov,max,65
1901,Nov,mean,31
1901,Nov,min,12
1901,Dec,max,64
1901,Dec,mean,25
1901,Dec,min,9
1902,Jan,max,54
1902,Jan,mean,19
1902,Jan,min,4
1902,Feb,max,52
1902,Feb,mean,23
1902,Feb,min,12
1902,Mar,max,69
1902,Mar,mean,36
1902,Mar,min,26
1902,Apr,max,75
1902,Apr,mean,41
1902,Apr,min,34
1902,May,max,88
1902,May,mean,49
1902,May,min,34
1902,Jun,max,92
1902,Jun,mean,55
1902,Jun,min,49
1902,Jul,max,91
1902,Jul,mean,61
1902,Jul,min,52
1902,Aug,max,85
1902,Aug,mean,60
1902,Aug,min,53
1902,Sep,max,89
1902,Sep,mean,56
1902,Sep,min,47
1902,Oct,max,76
1902,Oct,mean,46
1902,Oct,min,33
1902,Nov,max,70
1902,Nov,mean,38
1902,Nov,min,28
1902,Dec,max,58
1902,Dec,mean,20
1902,Dec,min,-8
1903,Jan,max,50
1903,Jan,mean,21
1903,Jan,min,-1
1903,Feb,max,62
1903,Feb,mean,24
1903,Feb,min,3
1903,Mar,max,76
1903,Mar,mean,36
1903,Mar,min,23
1903,Apr,max,83
1903,Apr,mean,40
1903,Apr,min,26
1903,May,max,88
1903,May,mean,50
1903,May,min,34
1903,Jun,max,85
1903,Jun,mean,53
1903,Jun,min,48
1903,Jul,max,93
1903,Jul,mean,63
1903,Jul,min,55
1903,Aug,max,86
1903,Aug,mean,58
1903,Aug,min,52
1903,Sep,max,91
1903,Sep,mean,56
1903,Sep,min,42
1903,Oct,max,76
1903,Oct,mean,47
1903,Oct,min,31
1903,Nov,max,74
1903,Nov,mean,33
1903,Nov,min,15
1903,Dec,max,55
1903,Dec,mean,21
1903,Dec,min,2
1904,Jan,max,46
1904,Jan,mean,14
1904,Jan,min,-6
1904,Feb,max,49
1904,Feb,mean,14
1904,Feb,min,-1
1904,Mar,max,70
1904,Mar,mean,27
1904,Mar,min,8
1904,Apr,max,70
1904,Apr,mean,37
1904,Apr,min,26
1904,May,max,87
1904,May,mean,52
1904,May,min,43
1904,Jun,max,92
1904,Jun,mean,56
1904,Jun,min,48
1904,Jul,max,89
1904,Jul,mean,64
1904,Jul,min,56
1904,Aug,max,89
1904,Aug,mean,61
1904,Aug,min,52
1904,Sep,max,86
1904,Sep,mean,54
1904,Sep,min,35
1904,Oct,max,74
1904,Oct,mean,42
1904,Oct,min,27
1904,Nov,max,60
1904,Nov,mean,31
1904,Nov,min,15
1904,Dec,max,49
1904,Dec,mean,19
1904,Dec,min,6
1905,Jan,max,52
1905,Jan,mean,18
1905,Jan,min,4
1905,Feb,max,43
1905,Feb,mean,16
1905,Feb,min,3
1905,Mar,max,69
1905,Mar,mean,29
1905,Mar,min,12
1905,Apr,max,74
1905,Apr,mean,38
1905,Apr,min,30
1905,May,max,83
1905,May,mean,49
1905,May,min,38
1905,Jun,max,90
1905,Jun,mean,57
1905,Jun,min,46
1905,Jul,max,94
1905,Jul,mean,65
1905,Jul,min,59
1905,Aug,max,90
1905,Aug,mean,62
1905,Aug,min,51
1905,Sep,max,81
1905,Sep,mean,55
1905,Sep,min,41
1905,Oct,max,80
1905,Oct,mean,46
1905,Oct,min,32
1905,Nov,max,64
1905,Nov,mean,33
1905,Nov,min,13
1905,Dec,max,61
1905,Dec,mean,28
1905,Dec,min,8
1906,Jan,max,68
1906,Jan,mean,28
1906,Jan,min,9
1906,Feb,max,63
1906,Feb,mean,22
1906,Feb,min,-1
1906,Mar,max,56
1906,Mar,mean,25
1906,Mar,min,8
1906,Apr,max,70
1906,Apr,mean,40
1906,Apr,min,28
1906,May,max,86
1906,May,mean,49
1906,May,min,38
1906,Jun,max,88
1906,Jun,mean,58
1906,Jun,min,46
1906,Jul,max,89
1906,Jul,mean,64
1906,Jul,min,55
1906,Aug,max,93
1906,Aug,mean,65
1906,Aug,min,57
1906,Sep,max,90
1906,Sep,mean,57
1906,Sep,min,44
1906,Oct,max,73
1906,Oct,mean,46
1906,Oct,min,35
1906,Nov,max,68
1906,Nov,mean,35
1906,Nov,min,23
1906,Dec,max,54
1906,Dec,mean,22
1906,Dec,min,1
1907,Jan,max,58
1907,Jan,mean,19
1907,Jan,min,-7
1907,Feb,max,52
1907,Feb,mean,13
1907,Feb,min,-2
1907,Mar,max,71
1907,Mar,mean,30
1907,Mar,min,14
1907,Apr,max,73
1907,Apr,mean,35
1907,Apr,min,27
1907,May,max,81
1907,May,mean,45
1907,May,min,33
1907,Jun,max,94
1907,Jun,mean,56
1907,Jun,min,45
1907,Jul,max,91
1907,Jul,mean,64
1907,Jul,min,58
1907,Aug,max,94
1907,Aug,mean,62
1907,Aug,min,54
1907,Sep,max,87
1907,Sep,mean,57
1907,Sep,min,44
1907,Oct,max,74
1907,Oct,mean,42
1907,Oct,min,32
1907,Nov,max,61
1907,Nov,mean,37
1907,Nov,min,25
1907,Dec,max,64
1907,Dec,mean,30
1907,Dec,min,20
1908,Jan,max,57
1908,Jan,mean,23
1908,Jan,min,1
1908,Feb,max,60
1908,Feb,mean,19
1908,Feb,min,-2
1908,Mar,max,70
1908,Mar,mean,31
1908,Mar,min,15
1908,Apr,max,85
1908,Apr,mean,38
1908,Apr,min,24
1908,May,max,88
1908,May,mean,51
1908,May,min,39
1908,Jun,max,90
1908,Jun,mean,60
1908,Jun,min,49
1908,Jul,max,97
1908,Jul,mean,65
1908,Jul,min,58
1908,Aug,max,90
1908,Aug,mean,63
1908,Aug,min,47
1908,Sep,max,88
1908,Sep,mean,58
1908,Sep,min,47
1908,Oct,max,80
1908,Oct,mean,48
1908,Oct,min,35
1908,Nov,max,65
1908,Nov,mean,36
1908,Nov,min,25
1908,Dec,max,67
1908,Dec,mean,26
1908,Dec,min,10
1909,Jan,max,60
1909,Jan,mean,22
1909,Jan,min,3
1909,Feb,max,59
1909,Feb,mean,25
1909,Feb,min,3
1909,Mar,max,55
1909,Mar,mean,30
1909,Mar,min,17
1909,Apr,max,83
1909,Apr,mean,39
1909,Apr,min,25
1909,May,max,83
1909,May,mean,48
1909,May,min,38
1909,Jun,max,94
1909,Jun,mean,61
1909,Jun,min,49
1909,Jul,max,95
1909,Jul,mean,63
1909,Jul,min,53
1909,Aug,max,94
1909,Aug,mean,62
1909,Aug,min,50
1909,Sep,max,82
1909,Sep,mean,55
1909,Sep,min,46
1909,Oct,max,77
1909,Oct,mean,45
1909,Oct,min,33
1909,Nov,max,76
1909,Nov,mean,39
1909,Nov,min,27
1909,Dec,max,56
1909,Dec,mean,25
1909,Dec,min,4
1910,Jan,max,57
1910,Jan,mean,25
1910,Jan,min,-3
1910,Feb,max,60
1910,Feb,mean,21
1910,Feb,min,-3
1910,Mar,max,78
1910,Mar,mean,34
1910,Mar,min,17
1910,Apr,max,78
1910,Apr,mean,44
1910,Apr,min,35
1910,May,max,86
1910,May,mean,50
1910,May,min,40
1910,Jun,max,92
1910,Jun,mean,58
1910,Jun,min,46
1910,Jul,max,94
1910,Jul,mean,67
1910,Jul,min,58
1910,Aug,max,88
1910,Aug,mean,62
1910,Aug,min,54
1910,Sep,max,82
1910,Sep,mean,55
1910,Sep,min,47
1910,Oct,max,85
1910,Oct,mean,47
1910,Oct,min,33
1910,Nov,max,61
1910,Nov,mean,36
1910,Nov,min,26
1910,Dec,max,55
1910,Dec,mean,20
1910,Dec,min,6
1911,Jan,max,60
1911,Jan,mean,24
1911,Jan,min,4
1911,Feb,max,56
1911,Feb,mean,20
1911,Feb,min,4
1911,Mar,max,66
1911,Mar,mean,28
1911,Mar,min,14
1911,Apr,max,80
1911,Apr,mean,38
1911,Apr,min,23
1911,May,max,92
1911,May,mean,53
1911,May,min,33
1911,Jun,max,86
1911,Jun,mean,58
1911,Jun,min,50
1911,Jul,max,104
1911,Jul,mean,68
1911,Jul,min,57
1911,Aug,max,92
1911,Aug,mean,62
1911,Aug,min,55
1911,Sep,max,85
1911,Sep,mean,55
1911,Sep,min,41
1911,Oct,max,73
1911,Oct,mean,46
1911,Oct,min,34
1911,Nov,max,68
1911,Nov,mean,34
1911,Nov,min,25
1911,Dec,max,68
1911,Dec,mean,33
1911,Dec,min,15
1912,Jan,max,53
1912,Jan,mean,14
1912,Jan,min,-5
1912,Feb,max,57
1912,Feb,mean,20
1912,Feb,min,-1
1912,Mar,max,64
1912,Mar,mean,28
1912,Mar,min,11
1912,Apr,max,77
1912,Apr,mean,39
1912,Apr,min,27
1912,May,max,86
1912,May,mean,50
1912,May,min,42
1912,Jun,max,92
1912,Jun,mean,58
1912,Jun,min,45
1912,Jul,max,99
1912,Jul,mean,64
1912,Jul,min,56
1912,Aug,max,90
1912,Aug,mean,61
1912,Aug,min,49
1912,Sep,max,90
1912,Sep,mean,56
1912,Sep,min,40
1912,Oct,max,86
1912,Oct,mean,49
1912,Oct,min,36
1912,Nov,max,70
1912,Nov,mean,38
1912,Nov,min,24
1912,Dec,max,69
1912,Dec,mean,32
1912,Dec,min,15
1913,Jan,max,62
1913,Jan,mean,31
1913,Jan,min,13
1913,Feb,max,60
1913,Feb,mean,19
1913,Feb,min,3
1913,Mar,max,73
1913,Mar,mean,33
1913,Mar,min,10
1913,Apr,max,76
1913,Apr,mean,41
1913,Apr,min,29
1913,May,max,78
1913,May,mean,48
1913,May,min,37
1913,Jun,max,91
1913,Jun,mean,58
1913,Jun,min,47
1913,Jul,max,96
1913,Jul,mean,65
1913,Jul,min,60
1913,Aug,max,96
1913,Aug,mean,62
1913,Aug,min,56
1913,Sep,max,86
1913,Sep,mean,54
1913,Sep,min,41
1913,Oct,max,74
1913,Oct,mean,51
1913,Oct,min,31
1913,Nov,max,71
1913,Nov,mean,39
1913,Nov,min,27
1913,Dec,max,56
1913,Dec,mean,31
1913,Dec,min,18
1914,Jan,max,63
1914,Jan,mean,21
1914,Jan,min,-9
1914,Feb,max,56
1914,Feb,mean,17
1914,Feb,min,-11
1914,Mar,max,74
1914,Mar,mean,30
1914,Mar,min,16
1914,Apr,max,87
1914,Apr,mean,37
1914,Apr,min,27
1914,May,max,95
1914,May,mean,51
1914,May,min,38
1914,Jun,max,94
1914,Jun,mean,58
1914,Jun,min,49
1914,Jul,max,90
1914,Jul,mean,61
1914,Jul,min,51
1914,Aug,max,90
1914,Aug,mean,63
1914,Aug,min,55
1914,Sep,max,94
1914,Sep,mean,55
1914,Sep,min,34
1914,Oct,max,83
1914,Oct,mean,49
1914,Oct,min,29
1914,Nov,max,74
1914,Nov,mean,35
1914,Nov,min,20
1914,Dec,max,62
1914,Dec,mean,24
1914,Dec,min,-2
1915,Jan,max,62
1915,Jan,mean,27
1915,Jan,min,3
1915,Feb,max,61
1915,Feb,mean,26
1915,Feb,min,10
1915,Mar,max,60
1915,Mar,mean,27
1915,Mar,min,13
1915,Apr,max,84
1915,Apr,mean,42
1915,Apr,min,30
1915,May,max,80
1915,May,mean,48
1915,May,min,39
1915,Jun,max,87
1915,Jun,mean,56
1915,Jun,min,44
1915,Jul,max,90
1915,Jul,mean,63
1915,Jul,min,58
1915,Aug,max,89
1915,Aug,mean,62
1915,Aug,min,51
1915,Sep,max,94
1915,Sep,mean,59
1915,Sep,min,44
1915,Oct,max,78
1915,Oct,mean,48
1915,Oct,min,37
1915,Nov,max,72
1915,Nov,mean,38
1915,Nov,min,29
1915,Dec,max,61
1915,Dec,mean,28
1915,Dec,min,16
1916,Jan,max,66
1916,Jan,mean,24
1916,Jan,min,4
1916,Feb,max,57
1916,Feb,mean,18
1916,Feb,min,0
1916,Mar,max,55
1916,Mar,mean,24
1916,Mar,min,7
1916,Apr,max,68
1916,Apr,mean,39
1916,Apr,min,32
1916,May,max,85
1916,May,mean,50
1916,May,min,44
1916,Jun,max,84
1916,Jun,mean,55
1916,Jun,min,49
1916,Jul,max,93
1916,Jul,mean,65
1916,Jul,min,56
1916,Aug,max,95
1916,Aug,mean,64
1916,Aug,min,54
1916,Sep,max,90
1916,Sep,mean,56
1916,Sep,min,44
1916,Oct,max,84
1916,Oct,mean,47
1916,Oct,min,36
1916,Nov,max,68
1916,Nov,mean,35
1916,Nov,min,22
1916,Dec,max,59
1916,Dec,mean,27
1916,Dec,min,10
1917,Jan,max,55
1917,Jan,mean,23
1917,Jan,min,5
1917,Feb,max,53
1917,Feb,mean,18
1917,Feb,min,-3
1917,Mar,max,61
1917,Mar,mean,30
1917,Mar,min,17
1917,Apr,max,72
1917,Apr,mean,38
1917,Apr,min,26
1917,May,max,80
1917,May,mean,44
1917,May,min,36
1917,Jun,max,87
1917,Jun,mean,57
1917,Jun,min,50
1917,Jul,max,98
1917,Jul,mean,66
1917,Jul,min,56
1917,Aug,max,98
1917,Aug,mean,65
1917,Aug,min,58
1917,Sep,max,83
1917,Sep,mean,52
1917,Sep,min,40
1917,Oct,max,71
1917,Oct,mean,44
1917,Oct,min,37
1917,Nov,max,65
1917,Nov,mean,32
1917,Nov,min,13
1917,Dec,max,48
1917,Dec,mean,16
1917,Dec,min,-14
1918,Jan,max,54
1918,Jan,mean,14
1918,Jan,min,-3
1918,Feb,max,57
1918,Feb,mean,17
1918,Feb,min,-10
1918,Mar,max,69
1918,Mar,mean,28
1918,Mar,min,11
1918,Apr,max,76
1918,Apr,mean,40
1918,Apr,min,31
1918,May,max,89
1918,May,mean,53
1918,May,min,44
1918,Jun,max,92
1918,Jun,mean,56
1918,Jun,min,47
1918,Jul,max,98
1918,Jul,mean,63
1918,Jul,min,54
1918,Aug,max,96
1918,Aug,mean,63
1918,Aug,min,53
1918,Sep,max,81
1918,Sep,mean,54
1918,Sep,min,45
1918,Oct,max,79
1918,Oct,mean,48
1918,Oct,min,38
1918,Nov,max,65
1918,Nov,mean,39
1918,Nov,min,19
1918,Dec,max,63
1918,Dec,mean,28
1918,Dec,min,13
1919,Jan,max,59
1919,Jan,mean,26
1919,Jan,min,2
1919,Feb,max,52
1919,Feb,mean,25
1919,Feb,min,16
1919,Mar,max,63
1919,Mar,mean,33
1919,Mar,min,15
1919,Apr,max,68
1919,Apr,mean,40
1919,Apr,min,19
1919,May,max,93
1919,May,mean,51
1919,May,min,41
1919,Jun,max,98
1919,Jun,mean,58
1919,Jun,min,49
1919,Jul,max,101
1919,Jul,mean,66
1919,Jul,min,55
1919,Aug,max,90
1919,Aug,mean,61
1919,Aug,min,55
1919,Sep,max,91
1919,Sep,mean,56
1919,Sep,min,45
1919,Oct,max,81
1919,Oct,mean,47
1919,Oct,min,33
1919,Nov,max,65
1919,Nov,mean,36
1919,Nov,min,25
1919,Dec,max,61
1919,Dec,mean,21
1919,Dec,min,-6
1920,Jan,max,48
1920,Jan,mean,12
1920,Jan,min,-8
1920,Feb,max,52
1920,Feb,mean,21
1920,Feb,min,-7
1920,Mar,max,72
1920,Mar,mean,30
1920,Mar,min,10
1920,Apr,max,67
1920,Apr,mean,38
1920,Apr,min,26
1920,May,max,86
1920,May,mean,48
1920,May,min,36
1920,Jun,max,90
1920,Jun,mean,58
1920,Jun,min,47
1920,Jul,max,90
1920,Jul,mean,63
1920,Jul,min,56
1920,Aug,max,93
1920,Aug,mean,65
1920,Aug,min,56
1920,Sep,max,85
1920,Sep,mean,58
1920,Sep,min,45
1920,Oct,max,82
1920,Oct,mean,51
1920,Oct,min,37
1920,Nov,max,64
1920,Nov,mean,35
1920,Nov,min,22
1920,Dec,max,58
1920,Dec,mean,30
1920,Dec,min,5
1921,Jan,max,56
1921,Jan,mean,24
1921,Jan,min,0
1921,Feb,max,59
1921,Feb,mean,26
1921,Feb,min,8
1921,Mar,max,83
1921,Mar,mean,37
1921,Mar,min,20
1921,Apr,max,77
1921,Apr,mean,44
1921,Apr,min,32
1921,May,max,93
1921,May,mean,50
1921,May,min,41
1921,Jun,max,93
1921,Jun,mean,59
1921,Jun,min,49
1921,Jul,max,95
1921,Jul,mean,66
1921,Jul,min,58
1921,Aug,max,92
1921,Aug,mean,62
1921,Aug,min,55
1921,Sep,max,93
1921,Sep,mean,60
1921,Sep,min,53
1921,Oct,max,79
1921,Oct,mean,47
1921,Oct,min,31
1921,Nov,max,72
1921,Nov,mean,35
1921,Nov,min,25
1921,Dec,max,58
1921,Dec,mean,24
1921,Dec,min,2
1922,Jan,max,51
1922,Jan,mean,20
1922,Jan,min,0
1922,Feb,max,56
1922,Feb,mean,24
1922,Feb,min,-4
1922,Mar,max,79
1922,Mar,mean,32
1922,Mar,min,14
1922,Apr,max,85
1922,Apr,mean,40
1922,Apr,min,29
1922,May,max,86
1922,May,mean,52
1922,May,min,43
1922,Jun,max,92
1922,Jun,mean,61
1922,Jun,min,52
1922,Jul,max,93
1922,Jul,mean,64
1922,Jul,min,58
1922,Aug,max,93
1922,Aug,mean,63
1922,Aug,min,54
1922,Sep,max,84
1922,Sep,mean,57
1922,Sep,min,42
1922,Oct,max,87
1922,Oct,mean,46
1922,Oct,min,28
1922,Nov,max,66
1922,Nov,mean,37
1922,Nov,min,24
1922,Dec,max,61
1922,Dec,mean,24
1922,Dec,min,8
1923,Jan,max,55
1923,Jan,mean,20
1923,Jan,min,5
1923,Feb,max,45
1923,Feb,mean,17
1923,Feb,min,2
1923,Mar,max,67
1923,Mar,mean,25
1923,Mar,min,4
1923,Apr,max,87
1923,Apr,mean,38
1923,Apr,min,13
1923,May,max,89
1923,May,mean,49
1923,May,min,35
1923,Jun,max,96
1923,Jun,mean,60
1923,Jun,min,47
1923,Jul,max,94
1923,Jul,mean,62
1923,Jul,min,56
1923,Aug,max,94
1923,Aug,mean,60
1923,Aug,min,51
1923,Sep,max,82
1923,Sep,mean,57
1923,Sep,min,47
1923,Oct,max,81
1923,Oct,mean,48
1923,Oct,min,35
1923,Nov,max,62
1923,Nov,mean,38
1923,Nov,min,28
1923,Dec,max,62
1923,Dec,mean,34
1923,Dec,min,19
1924,Jan,max,61
1924,Jan,mean,23
1924,Jan,min,-6
1924,Feb,max,44
1924,Feb,mean,20
1924,Feb,min,10
1924,Mar,max,59
1924,Mar,mean,32
1924,Mar,min,21
1924,Apr,max,69
1924,Apr,mean,40
1924,Apr,min,28
1924,May,max,76
1924,May,mean,49
1924,May,min,42
1924,Jun,max,90
1924,Jun,mean,58
1924,Jun,min,48
1924,Jul,max,95
1924,Jul,mean,65
1924,Jul,min,58
1924,Aug,max,98
1924,Aug,mean,64
1924,Aug,min,56
1924,Sep,max,90
1924,Sep,mean,54
1924,Sep,min,44
1924,Oct,max,81
1924,Oct,mean,46
1924,Oct,min,36
1924,Nov,max,76
1924,Nov,mean,37
1924,Nov,min,14
1924,Dec,max,64
1924,Dec,mean,23
1924,Dec,min,-1
1925,Jan,max,48
1925,Jan,mean,19
1925,Jan,min,0
1925,Feb,max,59
1925,Feb,mean,31
1925,Feb,min,14
1925,Mar,max,72
1925,Mar,mean,35
1925,Mar,min,11
1925,Apr,max,82
1925,Apr,mean,41
1925,Apr,min,31
1925,May,max,83
1925,May,mean,48
1925,May,min,42
1925,Jun,max,100
1925,Jun,mean,61
1925,Jun,min,53
1925,Jul,max,95
1925,Jul,mean,64
1925,Jul,min,54
1925,Aug,max,92
1925,Aug,mean,62
1925,Aug,min,50
1925,Sep,max,90
1925,Sep,mean,56
1925,Sep,min,41
1925,Oct,max,79
1925,Oct,mean,42
1925,Oct,min,30
1925,Nov,max,66
1925,Nov,mean,36
1925,Nov,min,14
1925,Dec,max,59
1925,Dec,mean,28
1925,Dec,min,4
1926,Jan,max,56
1926,Jan,mean,24
1926,Jan,min,4
1926,Feb,max,48
1926,Feb,mean,20
1926,Feb,min,11
1926,Mar,max,60
1926,Mar,mean,27
1926,Mar,min,12
1926,Apr,max,78
1926,Apr,mean,36
1926,Apr,min,21
1926,May,max,84
1926,May,mean,48
1926,May,min,41
1926,Jun,max,88
1926,Jun,mean,56
1926,Jun,min,46
1926,Jul,max,103
1926,Jul,mean,63
1926,Jul,min,56
1926,Aug,max,94
1926,Aug,mean,63
1926,Aug,min,55
1926,Sep,max,89
1926,Sep,mean,55
1926,Sep,min,47
1926,Oct,max,84
1926,Oct,mean,45
1926,Oct,min,35
1926,Nov,max,71
1926,Nov,mean,36
1926,Nov,min,20
1926,Dec,max,51
1926,Dec,mean,21
1926,Dec,min,4
1927,Jan,max,52
1927,Jan,mean,23
1927,Jan,min,0
1927,Feb,max,49
1927,Feb,mean,26
1927,Feb,min,11
1927,Mar,max,69
1927,Mar,mean,34
1927,Mar,min,16
1927,Apr,max,89
1927,Apr,mean,39
1927,Apr,min,29
1927,May,max,77
1927,May,mean,48
1927,May,min,41
1927,Jun,max,90
1927,Jun,mean,57
1927,Jun,min,50
1927,Jul,max,95
1927,Jul,mean,64
1927,Jul,min,53
1927,Aug,max,85
1927,Aug,mean,60
1927,Aug,min,54
1927,Sep,max,85
1927,Sep,mean,56
1927,Sep,min,50
1927,Oct,max,89
1927,Oct,mean,49
1927,Oct,min,36
1927,Nov,max,76
1927,Nov,mean,42
1927,Nov,min,26
1927,Dec,max,65
1927,Dec,mean,28
1927,Dec,min,13
1928,Jan,max,58
1928,Jan,mean,26
1928,Jan,min,11
1928,Feb,max,54
1928,Feb,mean,21
1928,Feb,min,-1
1928,Mar,max,70
1928,Mar,mean,29
1928,Mar,min,17
1928,Apr,max,84
1928,Apr,mean,38
1928,Apr,min,28
1928,May,max,74
1928,May,mean,48
1928,May,min,41
1928,Jun,max,90
1928,Jun,mean,58
1928,Jun,min,51
1928,Jul,max,94
1928,Jul,mean,65
1928,Jul,min,57
1928,Aug,max,96
1928,Aug,mean,66
1928,Aug,min,58
1928,Sep,max,85
1928,Sep,mean,55
1928,Sep,min,42
1928,Oct,max,88
1928,Oct,mean,47
1928,Oct,min,28
1928,Nov,max,76
1928,Nov,mean,37
1928,Nov,min,18
1928,Dec,max,61
1928,Dec,mean,32
1928,Dec,min,17
1929,Jan,max,60
1929,Jan,mean,21
1929,Jan,min,6
1929,Feb,max,56
1929,Feb,mean,25
1929,Feb,min,14
1929,Mar,max,69
1929,Mar,mean,33
1929,Mar,min,9
1929,Apr,max,84
1929,Apr,mean,40
1929,Apr,min,29
1929,May,max,96
1929,May,mean,50
1929,May,min,42
1929,Jun,max,94
1929,Jun,mean,59
1929,Jun,min,45
1929,Jul,max,94
1929,Jul,mean,63
1929,Jul,min,54
1929,Aug,max,90
1929,Aug,mean,60
1929,Aug,min,54
1929,Sep,max,97
1929,Sep,mean,57
1929,Sep,min,40
1929,Oct,max,78
1929,Oct,mean,44
1929,Oct,min,34
1929,Nov,max,77
1929,Nov,mean,38
1929,Nov,min,12
1929,Dec,max,52
1929,Dec,mean,26
1929,Dec,min,7
1930,Jan,max,64
1930,Jan,mean,24
1930,Jan,min,8
1930,Feb,max,68
1930,Feb,mean,25
1930,Feb,min,-1
1930,Mar,max,60
1930,Mar,mean,30
1930,Mar,min,19
1930,Apr,max,78
1930,Apr,mean,38
1930,Apr,min,26
1930,May,max,95
1930,May,mean,51
1930,May,min,45
1930,Jun,max,95
1930,Jun,mean,63
1930,Jun,min,45
1930,Jul,max,94
1930,Jul,mean,65
1930,Jul,min,58
1930,Aug,max,98
1930,Aug,mean,63
1930,Aug,min,53
1930,Sep,max,91
1930,Sep,mean,60
1930,Sep,min,49
1930,Oct,max,87
1930,Oct,mean,46
1930,Oct,min,34
1930,Nov,max,71
1930,Nov,mean,38
1930,Nov,min,16
1930,Dec,max,58
1930,Dec,mean,27
1930,Dec,min,4
1931,Jan,max,55
1931,Jan,mean,23
1931,Jan,min,7
1931,Feb,max,49
1931,Feb,mean,23
1931,Feb,min,1
1931,Mar,max,57
1931,Mar,mean,34
1931,Mar,min,27
1931,Apr,max,78
1931,Apr,mean,42
1931,Apr,min,32
1931,May,max,94
1931,May,mean,50
1931,May,min,37
1931,Jun,max,97
1931,Jun,mean,59
1931,Jun,min,48
1931,Jul,max,97
1931,Jul,mean,67
1931,Jul,min,60
1931,Aug,max,97
1931,Aug,mean,65
1931,Aug,min,58
1931,Sep,max,95
1931,Sep,mean,59
1931,Sep,min,46
1931,Oct,max,84
1931,Oct,mean,50
1931,Oct,min,40
1931,Nov,max,78
1931,Nov,mean,42
1931,Nov,min,25
1931,Dec,max,61
1931,Dec,mean,29
1931,Dec,min,14
1932,Jan,max,69
1932,Jan,mean,32
1932,Jan,min,18
1932,Feb,max,55
1932,Feb,mean,23
1932,Feb,min,11
1932,Mar,max,63
1932,Mar,mean,28
1932,Mar,min,12
1932,Apr,max,76
1932,Apr,mean,39
1932,Apr,min,28
1932,May,max,93
1932,May,mean,51
1932,May,min,43
1932,Jun,max,88
1932,Jun,mean,57
1932,Jun,min,42
1932,Jul,max,90
1932,Jul,mean,64
1932,Jul,min,57
1932,Aug,max,91
1932,Aug,mean,65
1932,Aug,min,59
1932,Sep,max,87
1932,Sep,mean,57
1932,Sep,min,40
1932,Oct,max,81
1932,Oct,mean,50
1932,Oct,min,38
1932,Nov,max,66
1932,Nov,mean,34
1932,Nov,min,8
1932,Dec,max,66
1932,Dec,mean,30
1932,Dec,min,0
1933,Jan,max,60
1933,Jan,mean,31
1933,Jan,min,9
1933,Feb,max,66
1933,Feb,mean,26
1933,Feb,min,9
1933,Mar,max,60
1933,Mar,mean,30
1933,Mar,min,11
1933,Apr,max,76
1933,Apr,mean,40
1933,Apr,min,29
1933,May,max,90
1933,May,mean,52
1933,May,min,40
1933,Jun,max,99
1933,Jun,mean,59
1933,Jun,min,47
1933,Jul,max,98
1933,Jul,mean,62
1933,Jul,min,52
1933,Aug,max,95
1933,Aug,mean,64
1933,Aug,min,55
1933,Sep,max,86
1933,Sep,mean,58
1933,Sep,min,47
1933,Oct,max,75
1933,Oct,mean,44
1933,Oct,min,27
1933,Nov,max,70
1933,Nov,mean,30
1933,Nov,min,12
1933,Dec,max,50
1933,Dec,mean,19
1933,Dec,min,-17
1934,Jan,max,56
1934,Jan,mean,22
1934,Jan,min,-2
1934,Feb,max,44
1934,Feb,mean,8
1934,Feb,min,-18
1934,Mar,max,68
1934,Mar,mean,26
1934,Mar,min,6
1934,Apr,max,72
1934,Apr,mean,40
1934,Apr,min,32
1934,May,max,87
1934,May,mean,51
1934,May,min,41
1934,Jun,max,94
1934,Jun,mean,58
1934,Jun,min,50
1934,Jul,max,93
1934,Jul,mean,65
1934,Jul,min,57
1934,Aug,max,86
1934,Aug,mean,60
1934,Aug,min,50
1934,Sep,max,81
1934,Sep,mean,59
1934,Sep,min,52
1934,Oct,max,71
1934,Oct,mean,43
1934,Oct,min,32
1934,Nov,max,69
1934,Nov,mean,38
1934,Nov,min,23
1934,Dec,max,65
1934,Dec,mean,21
1934,Dec,min,3
1935,Jan,max,56
1935,Jan,mean,15
1935,Jan,min,-5
1935,Feb,max,53
1935,Feb,mean,20
1935,Feb,min,-1
1935,Mar,max,71
1935,Mar,mean,30
1935,Mar,min,16
1935,Apr,max,84
1935,Apr,mean,38
1935,Apr,min,28
1935,May,max,85
1935,May,mean,47
1935,May,min,37
1935,Jun,max,89
1935,Jun,mean,58
1935,Jun,min,50
1935,Jul,max,92
1935,Jul,mean,65
1935,Jul,min,58
1935,Aug,max,90
1935,Aug,mean,63
1935,Aug,min,52
1935,Sep,max,80
1935,Sep,mean,54
1935,Sep,min,42
1935,Oct,max,78
1935,Oct,mean,45
1935,Oct,min,32
1935,Nov,max,71
1935,Nov,mean,39
1935,Nov,min,20
1935,Dec,max,45
1935,Dec,mean,21
1935,Dec,min,3
1936,Jan,max,54
1936,Jan,mean,21
1936,Jan,min,4
1936,Feb,max,46
1936,Feb,mean,16
1936,Feb,min,4
1936,Mar,max,70
1936,Mar,mean,34
1936,Mar,min,15
1936,Apr,max,80
1936,Apr,mean,38
1936,Apr,min,29
1936,May,max,91
1936,May,mean,50
1936,May,min,34
1936,Jun,max,85
1936,Jun,mean,58
1936,Jun,min,52
1936,Jul,max,98
1936,Jul,mean,62
1936,Jul,min,57
1936,Aug,max,94
1936,Aug,mean,61
1936,Aug,min,54
1936,Sep,max,90
1936,Sep,mean,55
1936,Sep,min,41
1936,Oct,max,79
1936,Oct,mean,46
1936,Oct,min,25
1936,Nov,max,75
1936,Nov,mean,32
1936,Nov,min,13
1936,Dec,max,59
1936,Dec,mean,27
1936,Dec,min,10
1937,Jan,max,64
1937,Jan,mean,30
1937,Jan,min,15
1937,Feb,max,56
1937,Feb,mean,27
1937,Feb,min,10
1937,Mar,max,57
1937,Mar,mean,26
1937,Mar,min,15
1937,Apr,max,71
1937,Apr,mean,38
1937,Apr,min,31
1937,May,max,93
1937,May,mean,50
1937,May,min,42
1937,Jun,max,95
1937,Jun,mean,59
1937,Jun,min,53
1937,Jul,max,99
1937,Jul,mean,65
1937,Jul,min,55
1937,Aug,max,98
1937,Aug,mean,66
1937,Aug,min,57
1937,Sep,max,93
1937,Sep,mean,55
1937,Sep,min,45
1937,Oct,max,74
1937,Oct,mean,45
1937,Oct,min,32
1937,Nov,max,66
1937,Nov,mean,37
1937,Nov,min,23
1937,Dec,max,50
1937,Dec,mean,25
1937,Dec,min,16
1938,Jan,max,57
1938,Jan,mean,21
1938,Jan,min,3
1938,Feb,max,53
1938,Feb,mean,23
1938,Feb,min,8
1938,Mar,max,78
1938,Mar,mean,31
1938,Mar,min,7
1938,Apr,max,89
1938,Apr,mean,40
1938,Apr,min,25
1938,May,max,81
1938,May,mean,48
1938,May,min,41
1938,Jun,max,93
1938,Jun,mean,58
1938,Jun,min,48
1938,Jul,max,90
1938,Jul,mean,64
1938,Jul,min,54
1938,Aug,max,94
1938,Aug,mean,65
1938,Aug,min,56
1938,Sep,max,82
1938,Sep,mean,54
1938,Sep,min,45
1938,Oct,max,87
1938,Oct,mean,49
1938,Oct,min,38
1938,Nov,max,77
1938,Nov,mean,38
1938,Nov,min,12
1938,Dec,max,57
1938,Dec,mean,28
1938,Dec,min,13
1939,Jan,max,55
1939,Jan,mean,21
1939,Jan,min,4
1939,Feb,max,66
1939,Feb,mean,24
1939,Feb,min,9
1939,Mar,max,58
1939,Mar,mean,26
1939,Mar,min,9
1939,Apr,max,69
1939,Apr,mean,37
1939,Apr,min,26
1939,May,max,90
1939,May,mean,48
1939,May,min,39
1939,Jun,max,88
1939,Jun,mean,58
1939,Jun,min,52
1939,Jul,max,93
1939,Jul,mean,64
1939,Jul,min,56
1939,Aug,max,92
1939,Aug,mean,66
1939,Aug,min,60
1939,Sep,max,96
1939,Sep,mean,56
1939,Sep,min,45
1939,Oct,max,87
1939,Oct,mean,45
1939,Oct,min,31
1939,Nov,max,61
1939,Nov,mean,33
1939,Nov,min,21
1939,Dec,max,57
1939,Dec,mean,26
1939,Dec,min,6
1940,Jan,max,52
1940,Jan,mean,16
1940,Jan,min,8
1940,Feb,max,47
1940,Feb,mean,23
1940,Feb,min,10
1940,Mar,max,60
1940,Mar,mean,27
1940,Mar,min,14
1940,Apr,max,75
1940,Apr,mean,36
1940,Apr,min,26
1940,May,max,75
1940,May,mean,49
1940,May,min,43
1940,Jun,max,90
1940,Jun,mean,57
1940,Jun,min,46
1940,Jul,max,95
1940,Jul,mean,63
1940,Jul,min,55
1940,Aug,max,86
1940,Aug,mean,60
1940,Aug,min,46
1940,Sep,max,86
1940,Sep,mean,55
1940,Sep,min,42
1940,Oct,max,77
1940,Oct,mean,42
1940,Oct,min,28
1940,Nov,max,71
1940,Nov,mean,36
1940,Nov,min,17
1940,Dec,max,58
1940,Dec,mean,27
1940,Dec,min,2
1941,Jan,max,48
1941,Jan,mean,19
1941,Jan,min,3
1941,Feb,max,47
1941,Feb,mean,22
1941,Feb,min,8
1941,Mar,max,56
1941,Mar,mean,26
1941,Mar,min,12
1941,Apr,max,89
1941,Apr,mean,42
1941,Apr,min,32
1941,May,max,92
1941,May,mean,50
1941,May,min,36
1941,Jun,max,96
1941,Jun,mean,59
1941,Jun,min,50
1941,Jul,max,96
1941,Jul,mean,64
1941,Jul,min,57
1941,Aug,max,94
1941,Aug,mean,61
1941,Aug,min,53
1941,Sep,max,94
1941,Sep,mean,56
1941,Sep,min,40
1941,Oct,max,84
1941,Oct,mean,47
1941,Oct,min,29
1941,Nov,max,75
1941,Nov,mean,39
1941,Nov,min,26
1941,Dec,max,59
1941,Dec,mean,28
1941,Dec,min,7
1942,Jan,max,60
1942,Jan,mean,21
1942,Jan,min,1
1942,Feb,max,48
1942,Feb,mean,20
1942,Feb,min,1
1942,Mar,max,65
1942,Mar,mean,34
1942,Mar,min,30
1942,Apr,max,86
1942,Apr,mean,41
1942,Apr,min,32
1942,May,max,88
1942,May,mean,52
1942,May,min,44
1942,Jun,max,91
1942,Jun,mean,59
1942,Jun,min,48
1942,Jul,max,93
1942,Jul,mean,63
1942,Jul,min,58
1942,Aug,max,92
1942,Aug,mean,63
1942,Aug,min,50
1942,Sep,max,91
1942,Sep,mean,57
1942,Sep,min,39
1942,Oct,max,82
1942,Oct,mean,48
1942,Oct,min,36
1942,Nov,max,71
1942,Nov,mean,36
1942,Nov,min,20
1942,Dec,max,59
1942,Dec,mean,22
1942,Dec,min,-11
1943,Jan,max,47
1943,Jan,mean,19
1943,Jan,min,3
1943,Feb,max,63
1943,Feb,mean,22
1943,Feb,min,-14
1943,Mar,max,68
1943,Mar,mean,28
1943,Mar,min,6
1943,Apr,max,75
1943,Apr,mean,35
1943,Apr,min,20
1943,May,max,85
1943,May,mean,49
1943,May,min,35
1943,Jun,max,97
1943,Jun,mean,61
1943,Jun,min,49
1943,Jul,max,93
1943,Jul,mean,66
1943,Jul,min,53
1943,Aug,max,94
1943,Aug,mean,63
1943,Aug,min,56
1943,Sep,max,85
1943,Sep,mean,55
1943,Sep,min,44
1943,Oct,max,81
1943,Oct,mean,47
1943,Oct,min,35
1943,Nov,max,67
1943,Nov,mean,36
1943,Nov,min,24
1943,Dec,max,52
1943,Dec,mean,21
1943,Dec,min,0
1944,Jan,max,58
1944,Jan,mean,25
1944,Jan,min,6
1944,Feb,max,55
1944,Feb,mean,21
1944,Feb,min,7
1944,Mar,max,64
1944,Mar,mean,27
1944,Mar,min,10
1944,Apr,max,75
1944,Apr,mean,38
1944,Apr,min,29
1944,May,max,96
1944,May,mean,54
1944,May,min,40
1944,Jun,max,95
1944,Jun,mean,58
1944,Jun,min,47
1944,Jul,max,95
1944,Jul,mean,65
1944,Jul,min,59
1944,Aug,max,101
1944,Aug,mean,65
1944,Aug,min,53
1944,Sep,max,90
1944,Sep,mean,57
1944,Sep,min,42
1944,Oct,max,86
1944,Oct,mean,45
1944,Oct,min,30
1944,Nov,max,69
1944,Nov,mean,36
1944,Nov,min,29
1944,Dec,max,50
1944,Dec,mean,23
1944,Dec,min,8
1945,Jan,max,59
1945,Jan,mean,16
1945,Jan,min,-4
1945,Feb,max,51
1945,Feb,mean,24
1945,Feb,min,11
1945,Mar,max,86
1945,Mar,mean,38
1945,Mar,min,24
1945,Apr,max,85
1945,Apr,mean,44
1945,Apr,min,33
1945,May,max,79
1945,May,mean,47
1945,May,min,35
1945,Jun,max,96
1945,Jun,mean,58
1945,Jun,min,41
1945,Jul,max,93
1945,Jul,mean,64
1945,Jul,min,55
1945,Aug,max,94
1945,Aug,mean,62
1945,Aug,min,55
1945,Sep,max,95
1945,Sep,mean,58
1945,Sep,min,40
1945,Oct,max,84
1945,Oct,mean,44
1945,Oct,min,34
1945,Nov,max,74
1945,Nov,mean,38
1945,Nov,min,25
1945,Dec,max,52
1945,Dec,mean,22
1945,Dec,min,8
1946,Jan,max,57
1946,Jan,mean,20
1946,Jan,min,-3
1946,Feb,max,59
1946,Feb,mean,19
1946,Feb,min,4
1946,Mar,max,85
1946,Mar,mean,37
1946,Mar,min,24
1946,Apr,max,66
1946,Apr,mean,39
1946,Apr,min,24
1946,May,max,87
1946,May,mean,49
1946,May,min,36
1946,Jun,max,94
1946,Jun,mean,58
1946,Jun,min,45
1946,Jul,max,96
1946,Jul,mean,62
1946,Jul,min,54
1946,Aug,max,90
1946,Aug,mean,61
1946,Aug,min,52
1946,Sep,max,88
1946,Sep,mean,58
1946,Sep,min,45
1946,Oct,max,86
1946,Oct,mean,49
1946,Oct,min,38
1946,Nov,max,72
1946,Nov,mean,40
1946,Nov,min,27
1946,Dec,max,63
1946,Dec,mean,26
1946,Dec,min,8
1947,Jan,max,61
1947,Jan,mean,24
1947,Jan,min,8
1947,Feb,max,53
1947,Feb,mean,21
1947,Feb,min,8
1947,Mar,max,58
1947,Mar,mean,30
1947,Mar,min,22
1947,Apr,max,75
1947,Apr,mean,39
1947,Apr,min,30
1947,May,max,87
1947,May,mean,48
1947,May,min,36
1947,Jun,max,89
1947,Jun,mean,56
1947,Jun,min,46
1947,Jul,max,90
1947,Jul,mean,66
1947,Jul,min,59
1947,Aug,max,99
1947,Aug,mean,64
1947,Aug,min,54
1947,Sep,max,88
1947,Sep,mean,56
1947,Sep,min,37
1947,Oct,max,89
1947,Oct,mean,52
1947,Oct,min,38
1947,Nov,max,59
1947,Nov,mean,35
1947,Nov,min,25
1947,Dec,max,60
1947,Dec,mean,23
1947,Dec,min,12
1948,Jan,max,45
1948,Jan,mean,16
1948,Jan,min,-3
1948,Feb,max,54
1948,Feb,mean,18
1948,Feb,min,2
1948,Mar,max,72
1948,Mar,mean,29
1948,Mar,min,1
1948,Apr,max,74
1948,Apr,mean,39
1948,Apr,min,30
1948,May,max,83
1948,May,mean,48
1948,May,min,42
1948,Jun,max,92
1948,Jun,mean,56
1948,Jun,min,47
1948,Jul,max,96
1948,Jul,mean,65
1948,Jul,min,53
1948,Aug,max,100
1948,Aug,mean,65
1948,Aug,min,58
1948,Sep,max,90
1948,Sep,mean,56
1948,Sep,min,44
1948,Oct,max,79
1948,Oct,mean,46
1948,Oct,min,33
1948,Nov,max,73
1948,Nov,mean,43
1948,Nov,min,28
1948,Dec,max,58
1948,Dec,mean,30
1948,Dec,min,7
1949,Jan,max,60
1949,Jan,mean,28
1949,Jan,min,14
1949,Feb,max,61
1949,Feb,mean,27
1949,Feb,min,7
1949,Mar,max,71
1949,Mar,mean,31
1949,Mar,min,13
1949,Apr,max,77
1949,Apr,mean,42
1949,Apr,min,33
1949,May,max,90
1949,May,mean,51
1949,May,min,42
1949,Jun,max,95
1949,Jun,mean,61
1949,Jun,min,51
1949,Jul,max,100
1949,Jul,mean,67
1949,Jul,min,59
1949,Aug,max,101
1949,Aug,mean,66
1949,Aug,min,54
1949,Sep,max,85
1949,Sep,mean,55
1949,Sep,min,44
1949,Oct,max,86
1949,Oct,mean,50
1949,Oct,min,37
1949,Nov,max,68
1949,Nov,mean,36
1949,Nov,min,15
1949,Dec,max,64
1949,Dec,mean,29
1949,Dec,min,15
1950,Jan,max,72
1950,Jan,mean,28
1950,Jan,min,6
1950,Feb,max,52
1950,Feb,mean,20
1950,Feb,min,-1
1950,Mar,max,70
1950,Mar,mean,25
1950,Mar,min,2
1950,Apr,max,75
1950,Apr,mean,38
1950,Apr,min,28
1950,May,max,80
1950,May,mean,47
1950,May,min,35
1950,Jun,max,93
1950,Jun,mean,59
1950,Jun,min,50
1950,Jul,max,93
1950,Jul,mean,64
1950,Jul,min,56
1950,Aug,max,87
1950,Aug,mean,63
1950,Aug,min,56
1950,Sep,max,86
1950,Sep,mean,54
1950,Sep,min,38
1950,Oct,max,85
1950,Oct,mean,48
1950,Oct,min,33
1950,Nov,max,83
1950,Nov,mean,40
1950,Nov,min,27
1950,Dec,max,63
1950,Dec,mean,29
1950,Dec,min,4
1951,Jan,max,61
1951,Jan,mean,26
1951,Jan,min,1
1951,Feb,max,66
1951,Feb,mean,26
1951,Feb,min,8
1951,Mar,max,65
1951,Mar,mean,33
1951,Mar,min,21
1951,Apr,max,74
1951,Apr,mean,43
1951,Apr,min,37
1951,May,max,91
1951,May,mean,50
1951,May,min,41
1951,Jun,max,91
1951,Jun,mean,58
1951,Jun,min,51
1951,Jul,max,92
1951,Jul,mean,66
1951,Jul,min,60
1951,Aug,max,89
1951,Aug,mean,62
1951,Aug,min,54
1951,Sep,max,90
1951,Sep,mean,57
1951,Sep,min,39
1951,Oct,max,72
1951,Oct,mean,48
1951,Oct,min,37
1951,Nov,max,71
1951,Nov,mean,35
1951,Nov,min,16
1951,Dec,max,64
1951,Dec,mean,28
1951,Dec,min,9
1952,Jan,max,55
1952,Jan,mean,25
1952,Jan,min,1
1952,Feb,max,52
1952,Feb,mean,26
1952,Feb,min,14
1952,Mar,max,63
1952,Mar,mean,31
1952,Mar,min,17
1952,Apr,max,80
1952,Apr,mean,43
1952,Apr,min,34
1952,May,max,82
1952,May,mean,49
1952,May,min,39
1952,Jun,max,100
1952,Jun,mean,62
1952,Jun,min,55
1952,Jul,max,100
1952,Jul,mean,68
1952,Jul,min,56
1952,Aug,max,91
1952,Aug,mean,64
1952,Aug,min,54
1952,Sep,max,90
1952,Sep,mean,58
1952,Sep,min,46
1952,Oct,max,78
1952,Oct,mean,44
1952,Oct,min,31
1952,Nov,max,71
1952,Nov,mean,39
1952,Nov,min,28
1952,Dec,max,52
1952,Dec,mean,30
1952,Dec,min,9
1953,Jan,max,58
1953,Jan,mean,28
1953,Jan,min,15
1953,Feb,max,60
1953,Feb,mean,28
1953,Feb,min,10
1953,Mar,max,69
1953,Mar,mean,32
1953,Mar,min,10
1953,Apr,max,71
1953,Apr,mean,42
1953,Apr,min,32
1953,May,max,86
1953,May,mean,50
1953,May,min,39
1953,Jun,max,98
1953,Jun,mean,60
1953,Jun,min,49
1953,Jul,max,96
1953,Jul,mean,64
1953,Jul,min,57
1953,Aug,max,98
1953,Aug,mean,63
1953,Aug,min,55
1953,Sep,max,100
1953,Sep,mean,58
1953,Sep,min,40
1953,Oct,max,80
1953,Oct,mean,48
1953,Oct,min,38
1953,Nov,max,74
1953,Nov,mean,41
1953,Nov,min,30
1953,Dec,max,64
1953,Dec,mean,32
1953,Dec,min,12
1954,Jan,max,53
1954,Jan,mean,18
1954,Jan,min,3
1954,Feb,max,61
1954,Feb,mean,29
1954,Feb,min,-1
1954,Mar,max,70
1954,Mar,mean,31
1954,Mar,min,21
1954,Apr,max,85
1954,Apr,mean,40
1954,Apr,min,17
1954,May,max,85
1954,May,mean,49
1954,May,min,42
1954,Jun,max,93
1954,Jun,mean,59
1954,Jun,min,49
1954,Jul,max,95
1954,Jul,mean,64
1954,Jul,min,59
1954,Aug,max,92
1954,Aug,mean,62
1954,Aug,min,52
1954,Sep,max,84
1954,Sep,mean,56
1954,Sep,min,47
1954,Oct,max,90
1954,Oct,mean,51
1954,Oct,min,37
1954,Nov,max,66
1954,Nov,mean,37
1954,Nov,min,28
1954,Dec,max,57
1954,Dec,mean,28
1954,Dec,min,16
1955,Jan,max,45
1955,Jan,mean,22
1955,Jan,min,10
1955,Feb,max,57
1955,Feb,mean,25
1955,Feb,min,-1
1955,Mar,max,63
1955,Mar,mean,30
1955,Mar,min,17
1955,Apr,max,78
1955,Apr,mean,42
1955,Apr,min,33
1955,May,max,89
1955,May,mean,52
1955,May,min,42
1955,Jun,max,92
1955,Jun,mean,58
1955,Jun,min,50
1955,Jul,max,98
1955,Jul,mean,68
1955,Jul,min,59
1955,Aug,max,100
1955,Aug,mean,66
1955,Aug,min,54
1955,Sep,max,90
1955,Sep,mean,56
1955,Sep,min,43
1955,Oct,max,82
1955,Oct,mean,48
1955,Oct,min,34
1955,Nov,max,60
1955,Nov,mean,36
1955,Nov,min,22
1955,Dec,max,48
1955,Dec,mean,20
1955,Dec,min,-2
1956,Jan,max,44
1956,Jan,mean,26
1956,Jan,min,5
1956,Feb,max,53
1956,Feb,mean,26
1956,Feb,min,9
1956,Mar,max,52
1956,Mar,mean,28
1956,Mar,min,13
1956,Apr,max,83
1956,Apr,mean,38
1956,Apr,min,32
1956,May,max,93
1956,May,mean,45
1956,May,min,34
1956,Jun,max,97
1956,Jun,mean,60
1956,Jun,min,47
1956,Jul,max,93
1956,Jul,mean,64
1956,Jul,min,55
1956,Aug,max,93
1956,Aug,mean,63
1956,Aug,min,56
1956,Sep,max,86
1956,Sep,mean,54
1956,Sep,min,41
1956,Oct,max,87
1956,Oct,mean,46
1956,Oct,min,35
1956,Nov,max,71
1956,Nov,mean,38
1956,Nov,min,20
1956,Dec,max,62
1956,Dec,mean,29
1956,Dec,min,8
1957,Jan,max,58
1957,Jan,mean,15
1957,Jan,min,-12
1957,Feb,max,68
1957,Feb,mean,27
1957,Feb,min,13
1957,Mar,max,63
1957,Mar,mean,32
1957,Mar,min,20
1957,Apr,max,88
1957,Apr,mean,41
1957,Apr,min,31
1957,May,max,89
1957,May,mean,51
1957,May,min,37
1957,Jun,max,95
1957,Jun,mean,62
1957,Jun,min,51
1957,Jul,max,98
1957,Jul,mean,65
1957,Jul,min,58
1957,Aug,max,96
1957,Aug,mean,61
1957,Aug,min,52
1957,Sep,max,93
1957,Sep,mean,59
1957,Sep,min,40
1957,Oct,max,78
1957,Oct,mean,47
1957,Oct,min,35
1957,Nov,max,70
1957,Nov,mean,40
1957,Nov,min,17
1957,Dec,max,63
1957,Dec,mean,33
1957,Dec,min,17
1958,Jan,max,53
1958,Jan,mean,25
1958,Jan,min,4
1958,Feb,max,45
1958,Feb,mean,19
1958,Feb,min,-4
1958,Mar,max,58
1958,Mar,mean,34
1958,Mar,min,27
1958,Apr,max,78
1958,Apr,mean,41
1958,Apr,min,30
1958,May,max,80
1958,May,mean,49
1958,May,min,39
1958,Jun,max,89
1958,Jun,mean,56
1958,Jun,min,48
1958,Jul,max,93
1958,Jul,mean,65
1958,Jul,min,58
1958,Aug,max,90
1958,Aug,mean,64
1958,Aug,min,56
1958,Sep,max,89
1958,Sep,mean,56
1958,Sep,min,46
1958,Oct,max,82
1958,Oct,mean,45
1958,Oct,min,33
1958,Nov,max,67
1958,Nov,mean,39
1958,Nov,min,18
1958,Dec,max,54
1958,Dec,mean,19
1958,Dec,min,6
1959,Jan,max,62
1959,Jan,mean,21
1959,Jan,min,2
1959,Feb,max,54
1959,Feb,mean,18
1959,Feb,min,0
1959,Mar,max,70
1959,Mar,mean,29
1959,Mar,min,18
1959,Apr,max,75
1959,Apr,mean,41
1959,Apr,min,33
1959,May,max,93
1959,May,mean,52
1959,May,min,42
1959,Jun,max,96
1959,Jun,mean,56
1959,Jun,min,47
1959,Jul,max,92
1959,Jul,mean,66
1959,Jul,min,59
1959,Aug,max,96
1959,Aug,mean,66
1959,Aug,min,55
1959,Sep,max,92
1959,Sep,mean,60
1959,Sep,min,44
1959,Oct,max,85
1959,Oct,mean,48
1959,Oct,min,33
1959,Nov,max,73
1959,Nov,mean,37
1959,Nov,min,22
1959,Dec,max,61
1959,Dec,mean,30
1959,Dec,min,12
1960,Jan,max,57
1960,Jan,mean,25
1960,Jan,min,9
1960,Feb,max,56
1960,Feb,mean,28
1960,Feb,min,20
1960,Mar,max,62
1960,Mar,mean,26
1960,Mar,min,10
1960,Apr,max,78
1960,Apr,mean,40
1960,Apr,min,31
1960,May,max,83
1960,May,mean,52
1960,May,min,43
1960,Jun,max,91
1960,Jun,mean,61
1960,Jun,min,51
1960,Jul,max,92
1960,Jul,mean,64
1960,Jul,min,59
1960,Aug,max,93
1960,Aug,mean,64
1960,Aug,min,55
1960,Sep,max,93
1960,Sep,mean,57
1960,Sep,min,48
1960,Oct,max,76
1960,Oct,mean,46
1960,Oct,min,31
1960,Nov,max,67
1960,Nov,mean,41
1960,Nov,min,28
1960,Dec,max,57
1960,Dec,mean,22
1960,Dec,min,7
1961,Jan,max,56
1961,Jan,mean,18
1961,Jan,min,4
1961,Feb,max,65
1961,Feb,mean,24
1961,Feb,min,-4
1961,Mar,max,65
1961,Mar,mean,30
1961,Mar,min,16
1961,Apr,max,71
1961,Apr,mean,38
1961,Apr,min,32
1961,May,max,88
1961,May,mean,48
1961,May,min,38
1961,Jun,max,95
1961,Jun,mean,59
1961,Jun,min,49
1961,Jul,max,91
1961,Jul,mean,64
1961,Jul,min,57
1961,Aug,max,92
1961,Aug,mean,64
1961,Aug,min,55
1961,Sep,max,94
1961,Sep,mean,61
1961,Sep,min,46
1961,Oct,max,81
1961,Oct,mean,50
1961,Oct,min,35
1961,Nov,max,76
1961,Nov,mean,39
1961,Nov,min,27
1961,Dec,max,57
1961,Dec,mean,27
1961,Dec,min,11
1962,Jan,max,56
1962,Jan,mean,21
1962,Jan,min,6
1962,Feb,max,61
1962,Feb,mean,19
1962,Feb,min,-1
1962,Mar,max,75
1962,Mar,mean,32
1962,Mar,min,7
1962,Apr,max,91
1962,Apr,mean,40
1962,Apr,min,31
1962,May,max,91
1962,May,mean,49
1962,May,min,40
1962,Jun,max,92
1962,Jun,mean,59
1962,Jun,min,51
1962,Jul,max,89
1962,Jul,mean,62
1962,Jul,min,55
1962,Aug,max,89
1962,Aug,mean,62
1962,Aug,min,55
1962,Sep,max,86
1962,Sep,mean,55
1962,Sep,min,41
1962,Oct,max,79
1962,Oct,mean,47
1962,Oct,min,31
1962,Nov,max,62
1962,Nov,mean,35
1962,Nov,min,27
1962,Dec,max,64
1962,Dec,mean,23
1962,Dec,min,-4
1963,Jan,max,54
1963,Jan,mean,22
1963,Jan,min,4
1963,Feb,max,49
1963,Feb,mean,17
1963,Feb,min,-3
1963,Mar,max,78
1963,Mar,mean,32
1963,Mar,min,21
1963,Apr,max,75
1963,Apr,mean,40
1963,Apr,min,28
1963,May,max,88
1963,May,mean,50
1963,May,min,36
1963,Jun,max,95
1963,Jun,mean,60
1963,Jun,min,49
1963,Jul,max,98
1963,Jul,mean,66
1963,Jul,min,55
1963,Aug,max,91
1963,Aug,mean,62
1963,Aug,min,54
1963,Sep,max,87
1963,Sep,mean,53
1963,Sep,min,39
1963,Oct,max,90
1963,Oct,mean,50
1963,Oct,min,35
1963,Nov,max,71
1963,Nov,mean,42
1963,Nov,min,30
1963,Dec,max,52
1963,Dec,mean,20
1963,Dec,min,3
1964,Jan,max,55
1964,Jan,mean,25
1964,Jan,min,10
1964,Feb,max,47
1964,Feb,mean,22
1964,Feb,min,13
1964,Mar,max,72
1964,Mar,mean,32
1964,Mar,min,19
1964,Apr,max,82
1964,Apr,mean,39
1964,Apr,min,24
1964,May,max,93
1964,May,mean,50
1964,May,min,38
1964,Jun,max,94
1964,Jun,mean,58
1964,Jun,min,49
1964,Jul,max,97
1964,Jul,mean,64
1964,Jul,min,57
1964,Aug,max,85
1964,Aug,mean,58
1964,Aug,min,52
1964,Sep,max,87
1964,Sep,mean,54
1964,Sep,min,42
1964,Oct,max,77
1964,Oct,mean,44
1964,Oct,min,34
1964,Nov,max,68
1964,Nov,mean,37
1964,Nov,min,24
1964,Dec,max,60
1964,Dec,mean,26
1964,Dec,min,12
1965,Jan,max,57
1965,Jan,mean,18
1965,Jan,min,-4
1965,Feb,max,53
1965,Feb,mean,20
1965,Feb,min,6
1965,Mar,max,60
1965,Mar,mean,30
1965,Mar,min,18
1965,Apr,max,76
1965,Apr,mean,36
1965,Apr,min,22
1965,May,max,92
1965,May,mean,49
1965,May,min,42
1965,Jun,max,91
1965,Jun,mean,58
1965,Jun,min,46
1965,Jul,max,93
1965,Jul,mean,62
1965,Jul,min,54
1965,Aug,max,93
1965,Aug,mean,62
1965,Aug,min,47
1965,Sep,max,89
1965,Sep,mean,55
1965,Sep,min,38
1965,Oct,max,76
1965,Oct,mean,44
1965,Oct,min,32
1965,Nov,max,68
1965,Nov,mean,35
1965,Nov,min,26
1965,Dec,max,63
1965,Dec,mean,30
1965,Dec,min,13
1966,Jan,max,61
1966,Jan,mean,22
1966,Jan,min,6
1966,Feb,max,54
1966,Feb,mean,25
1966,Feb,min,3
1966,Mar,max,66
1966,Mar,mean,32
1966,Mar,min,22
1966,Apr,max,70
1966,Apr,mean,39
1966,Apr,min,34
1966,May,max,86
1966,May,mean,49
1966,May,min,38
1966,Jun,max,94
1966,Jun,mean,60
1966,Jun,min,51
1966,Jul,max,97
1966,Jul,mean,66
1966,Jul,min,59
1966,Aug,max,92
1966,Aug,mean,64
1966,Aug,min,59
1966,Sep,max,92
1966,Sep,mean,56
1966,Sep,min,46
1966,Oct,max,78
1966,Oct,mean,46
1966,Oct,min,32
1966,Nov,max,69
1966,Nov,mean,40
1966,Nov,min,27
1966,Dec,max,70
1966,Dec,mean,28
1966,Dec,min,14
1967,Jan,max,62
1967,Jan,mean,29
1967,Jan,min,7
1967,Feb,max,58
1967,Feb,mean,19
1967,Feb,min,-3
1967,Mar,max,64
1967,Mar,mean,28
1967,Mar,min,6
1967,Apr,max,75
1967,Apr,mean,37
1967,Apr,min,27
1967,May,max,77
1967,May,mean,44
1967,May,min,37
1967,Jun,max,94
1967,Jun,mean,58
1967,Jun,min,47
1967,Jul,max,89
1967,Jul,mean,66
1967,Jul,min,56
1967,Aug,max,86
1967,Aug,mean,64
1967,Aug,min,56
1967,Sep,max,83
1967,Sep,mean,54
1967,Sep,min,45
1967,Oct,max,81
1967,Oct,mean,46
1967,Oct,min,34
1967,Nov,max,68
1967,Nov,mean,34
1967,Nov,min,21
1967,Dec,max,58
1967,Dec,mean,29
1967,Dec,min,18
1968,Jan,max,50
1968,Jan,mean,18
1968,Jan,min,-4
1968,Feb,max,48
1968,Feb,mean,19
1968,Feb,min,5
1968,Mar,max,64
1968,Mar,mean,32
1968,Mar,min,11
1968,Apr,max,69
1968,Apr,mean,42
1968,Apr,min,32
1968,May,max,77
1968,May,mean,49
1968,May,min,44
1968,Jun,max,91
1968,Jun,mean,58
1968,Jun,min,50
1968,Jul,max,98
1968,Jul,mean,66
1968,Jul,min,58
1968,Aug,max,93
1968,Aug,mean,63
1968,Aug,min,57
1968,Sep,max,84
1968,Sep,mean,59
1968,Sep,min,51
1968,Oct,max,85
1968,Oct,mean,51
1968,Oct,min,39
1968,Nov,max,63
1968,Nov,mean,39
1968,Nov,min,32
1968,Dec,max,57
1968,Dec,mean,25
1968,Dec,min,-3
1969,Jan,max,49
1969,Jan,mean,23
1969,Jan,min,7
1969,Feb,max,40
1969,Feb,mean,25
1969,Feb,min,12
1969,Mar,max,57
1969,Mar,mean,30
1969,Mar,min,15
1969,Apr,max,83
1969,Apr,mean,42
1969,Apr,min,25
1969,May,max,87
1969,May,mean,50
1969,May,min,43
1969,Jun,max,95
1969,Jun,mean,61
1969,Jun,min,55
1969,Jul,max,95
1969,Jul,mean,65
1969,Jul,min,58
1969,Aug,max,93
1969,Aug,mean,66
1969,Aug,min,54
1969,Sep,max,95
1969,Sep,mean,56
1969,Sep,min,46
1969,Oct,max,79
1969,Oct,mean,47
1969,Oct,min,30
1969,Nov,max,61
1969,Nov,mean,39
1969,Nov,min,22
1969,Dec,max,60
1969,Dec,mean,28
1969,Dec,min,12
1970,Jan,max,49
1970,Jan,mean,17
1970,Jan,min,3
1970,Feb,max,58
1970,Feb,mean,24
1970,Feb,min,7
1970,Mar,max,57
1970,Mar,mean,31
1970,Mar,min,19
1970,Apr,max,75
1970,Apr,mean,41
1970,Apr,min,28
1970,May,max,92
1970,May,mean,51
1970,May,min,39
1970,Jun,max,90
1970,Jun,mean,58
1970,Jun,min,50
1970,Jul,max,92
1970,Jul,mean,66
1970,Jul,min,58
1970,Aug,max,94
1970,Aug,mean,65
1970,Aug,min,59
1970,Sep,max,92
1970,Sep,mean,57
1970,Sep,min,48
1970,Oct,max,76
1970,Oct,mean,48
1970,Oct,min,34
1970,Nov,max,63
1970,Nov,mean,39
1970,Nov,min,25
1970,Dec,max,59
1970,Dec,mean,22
1970,Dec,min,13
1971,Jan,max,46
1971,Jan,mean,17
1971,Jan,min,2
1971,Feb,max,53
1971,Feb,mean,24
1971,Feb,min,5
1971,Mar,max,65
1971,Mar,mean,30
1971,Mar,min,23
1971,Apr,max,72
1971,Apr,mean,36
1971,Apr,min,30
1971,May,max,79
1971,May,mean,48
1971,May,min,43
1971,Jun,max,94
1971,Jun,mean,59
1971,Jun,min,48
1971,Jul,max,94
1971,Jul,mean,64
1971,Jul,min,58
1971,Aug,max,93
1971,Aug,mean,64
1971,Aug,min,52
1971,Sep,max,92
1971,Sep,mean,60
1971,Sep,min,49
1971,Oct,max,86
1971,Oct,mean,52
1971,Oct,min,45
1971,Nov,max,76
1971,Nov,mean,36
1971,Nov,min,24
1971,Dec,max,64
1971,Dec,mean,29
1971,Dec,min,13
1972,Jan,max,59
1972,Jan,mean,25
1972,Jan,min,5
1972,Feb,max,55
1972,Feb,mean,22
1972,Feb,min,0
1972,Mar,max,62
1972,Mar,mean,30
1972,Mar,min,18
1972,Apr,max,74
1972,Apr,mean,38
1972,Apr,min,25
1972,May,max,86
1972,May,mean,49
1972,May,min,40
1972,Jun,max,86
1972,Jun,mean,58
1972,Jun,min,48
1972,Jul,max,94
1972,Jul,mean,66
1972,Jul,min,58
1972,Aug,max,88
1972,Aug,mean,63
1972,Aug,min,54
1972,Sep,max,88
1972,Sep,mean,58
1972,Sep,min,50
1972,Oct,max,72
1972,Oct,mean,44
1972,Oct,min,32
1972,Nov,max,66
1972,Nov,mean,36
1972,Nov,min,17
1972,Dec,max,62
1972,Dec,mean,27
1972,Dec,min,14
1973,Jan,max,61
1973,Jan,mean,24
1973,Jan,min,1
1973,Feb,max,54
1973,Feb,mean,23
1973,Feb,min,3
1973,Mar,max,67
1973,Mar,mean,36
1973,Mar,min,26
1973,Apr,max,84
1973,Apr,mean,42
1973,Apr,min,31
1973,May,max,87
1973,May,mean,50
1973,May,min,42
1973,Jun,max,97
1973,Jun,mean,61
1973,Jun,min,50
1973,Jul,max,96
1973,Jul,mean,66
1973,Jul,min,59
1973,Aug,max,99
1973,Aug,mean,67
1973,Aug,min,57
1973,Sep,max,94
1973,Sep,mean,56
1973,Sep,min,43
1973,Oct,max,77
1973,Oct,mean,48
1973,Oct,min,37
1973,Nov,max,71
1973,Nov,mean,40
1973,Nov,min,30
1973,Dec,max,63
1973,Dec,mean,32
1973,Dec,min,11
1974,Jan,max,63
1974,Jan,mean,25
1974,Jan,min,-3
1974,Feb,max,57
1974,Feb,mean,22
1974,Feb,min,8
1974,Mar,max,70
1974,Mar,mean,30
1974,Mar,min,15
1974,Apr,max,85
1974,Apr,mean,42
1974,Apr,min,27
1974,May,max,89
1974,May,mean,48
1974,May,min,37
1974,Jun,max,93
1974,Jun,mean,56
1974,Jun,min,48
1974,Jul,max,95
1974,Jul,mean,64
1974,Jul,min,58
1974,Aug,max,91
1974,Aug,mean,64
1974,Aug,min,57
1974,Sep,max,87
1974,Sep,mean,56
1974,Sep,min,39
1974,Oct,max,78
1974,Oct,mean,41
1974,Oct,min,30
1974,Nov,max,77
1974,Nov,mean,38
1974,Nov,min,23
1974,Dec,max,58
1974,Dec,mean,32
1974,Dec,min,17
1975,Jan,max,62
1975,Jan,mean,28
1975,Jan,min,11
1975,Feb,max,54
1975,Feb,mean,26
1975,Feb,min,7
1975,Mar,max,57
1975,Mar,mean,30
1975,Mar,min,14
1975,Apr,max,70
1975,Apr,mean,37
1975,Apr,min,31
1975,May,max,90
1975,May,mean,52
1975,May,min,43
1975,Jun,max,94
1975,Jun,mean,60
1975,Jun,min,49
1975,Jul,max,95
1975,Jul,mean,67
1975,Jul,min,56
1975,Aug,max,102
1975,Aug,mean,65
1975,Aug,min,53
1975,Sep,max,81
1975,Sep,mean,56
1975,Sep,min,46
1975,Oct,max,78
1975,Oct,mean,50
1975,Oct,min,34
1975,Nov,max,76
1975,Nov,mean,44
1975,Nov,min,33
1975,Dec,max,66
1975,Dec,mean,26
1975,Dec,min,4
1976,Jan,max,56
1976,Jan,mean,18
1976,Jan,min,-4
1976,Feb,max,63
1976,Feb,mean,28
1976,Feb,min,12
1976,Mar,max,72
1976,Mar,mean,33
1976,Mar,min,18
1976,Apr,max,94
1976,Apr,mean,45
1976,Apr,min,24
1976,May,max,83
1976,May,mean,51
1976,May,min,44
1976,Jun,max,95
1976,Jun,mean,64
1976,Jun,min,53
1976,Jul,max,93
1976,Jul,mean,65
1976,Jul,min,58
1976,Aug,max,93
1976,Aug,mean,64
1976,Aug,min,49
1976,Sep,max,88
1976,Sep,mean,56
1976,Sep,min,46
1976,Oct,max,77
1976,Oct,mean,45
1976,Oct,min,28
1976,Nov,max,66
1976,Nov,mean,35
1976,Nov,min,23
1976,Dec,max,59
1976,Dec,mean,21
1976,Dec,min,6
1977,Jan,max,47
1977,Jan,mean,17
1977,Jan,min,3
1977,Feb,max,48
1977,Feb,mean,25
1977,Feb,min,9
1977,Mar,max,81
1977,Mar,mean,37
1977,Mar,min,27
1977,Apr,max,88
1977,Apr,mean,41
1977,Apr,min,26
1977,May,max,92
1977,May,mean,52
1977,May,min,35
1977,Jun,max,90
1977,Jun,mean,59
1977,Jun,min,50
1977,Jul,max,102
1977,Jul,mean,66
1977,Jul,min,57
1977,Aug,max,95
1977,Aug,mean,64
1977,Aug,min,56
1977,Sep,max,92
1977,Sep,mean,58
1977,Sep,min,47
1977,Oct,max,77
1977,Oct,mean,48
1977,Oct,min,37
1977,Nov,max,67
1977,Nov,mean,43
1977,Nov,min,29
1977,Dec,max,55
1977,Dec,mean,28
1977,Dec,min,5
1978,Jan,max,58
1978,Jan,mean,21
1978,Jan,min,10
1978,Feb,max,44
1978,Feb,mean,20
1978,Feb,min,3
1978,Mar,max,60
1978,Mar,mean,30
1978,Mar,min,16
1978,Apr,max,75
1978,Apr,mean,42
1978,Apr,min,29
1978,May,max,86
1978,May,mean,52
1978,May,min,37
1978,Jun,max,89
1978,Jun,mean,59
1978,Jun,min,52
1978,Jul,max,99
1978,Jul,mean,64
1978,Jul,min,56
1978,Aug,max,93
1978,Aug,mean,65
1978,Aug,min,55
1978,Sep,max,88
1978,Sep,mean,53
1978,Sep,min,42
1978,Oct,max,78
1978,Oct,mean,44
1978,Oct,min,33
1978,Nov,max,70
1978,Nov,mean,37
1978,Nov,min,17
1978,Dec,max,62
1978,Dec,mean,28
1978,Dec,min,19
1979,Jan,max,61
1979,Jan,mean,26
1979,Jan,min,4
1979,Feb,max,53
1979,Feb,mean,16
1979,Feb,min,-3
1979,Mar,max,72
1979,Mar,mean,35
1979,Mar,min,19
1979,Apr,max,77
1979,Apr,mean,42
1979,Apr,min,33
1979,May,max,95
1979,May,mean,54
1979,May,min,45
1979,Jun,max,95
1979,Jun,mean,59
1979,Jun,min,50
1979,Jul,max,94
1979,Jul,mean,66
1979,Jul,min,55
1979,Aug,max,91
1979,Aug,mean,65
1979,Aug,min,54
1979,Sep,max,85
1979,Sep,mean,57
1979,Sep,min,42
1979,Oct,max,83
1979,Oct,mean,45
1979,Oct,min,32
1979,Nov,max,72
1979,Nov,mean,41
1979,Nov,min,29
1979,Dec,max,68
1979,Dec,mean,29
1979,Dec,min,5
1980,Jan,max,57
1980,Jan,mean,23
1980,Jan,min,11
1980,Feb,max,53
1980,Feb,mean,21
1980,Feb,min,9
1980,Mar,max,59
1980,Mar,mean,29
1980,Mar,min,7
1980,Apr,max,75
1980,Apr,mean,41
1980,Apr,min,33
1980,May,max,89
1980,May,mean,51
1980,May,min,44
1980,Jun,max,96
1980,Jun,mean,58
1980,Jun,min,47
1980,Jul,max,99
1980,Jul,mean,67
1980,Jul,min,57
1980,Aug,max,94
1980,Aug,mean,66
1980,Aug,min,58
1980,Sep,max,96
1980,Sep,mean,58
1980,Sep,min,45
1980,Oct,max,72
1980,Oct,mean,45
1980,Oct,min,34
1980,Nov,max,64
1980,Nov,mean,34
1980,Nov,min,26
1980,Dec,max,61
1980,Dec,mean,20
1980,Dec,min,-7
1981,Jan,max,49
1981,Jan,mean,14
1981,Jan,min,-4
1981,Feb,max,66
1981,Feb,mean,29
1981,Feb,min,13
1981,Mar,max,77
1981,Mar,mean,32
1981,Mar,min,20
1981,Apr,max,78
1981,Apr,mean,43
1981,Apr,min,31
1981,May,max,91
1981,May,mean,51
1981,May,min,40
1981,Jun,max,92
1981,Jun,mean,62
1981,Jun,min,54
1981,Jul,max,99
1981,Jul,mean,66
1981,Jul,min,56
1981,Aug,max,90
1981,Aug,mean,64
1981,Aug,min,51
1981,Sep,max,90
1981,Sep,mean,56
1981,Sep,min,44
1981,Oct,max,74
1981,Oct,mean,44
1981,Oct,min,37
1981,Nov,max,69
1981,Nov,mean,38
1981,Nov,min,26
1981,Dec,max,58
1981,Dec,mean,28
1981,Dec,min,14
1982,Jan,max,56
1982,Jan,mean,15
1982,Jan,min,-2
1982,Feb,max,54
1982,Feb,mean,24
1982,Feb,min,15
1982,Mar,max,63
1982,Mar,mean,31
1982,Mar,min,10
1982,Apr,max,83
1982,Apr,mean,38
1982,Apr,min,16
1982,May,max,84
1982,May,mean,51
1982,May,min,44
1982,Jun,max,85
1982,Jun,mean,56
1982,Jun,min,45
1982,Jul,max,98
1982,Jul,mean,66
1982,Jul,min,57
1982,Aug,max,87
1982,Aug,mean,63
1982,Aug,min,48
1982,Sep,max,87
1982,Sep,mean,57
1982,Sep,min,50
1982,Oct,max,82
1982,Oct,mean,46
1982,Oct,min,35
1982,Nov,max,76
1982,Nov,mean,40
1982,Nov,min,25
1982,Dec,max,70
1982,Dec,mean,33
1982,Dec,min,10
1983,Jan,max,59
1983,Jan,mean,25
1983,Jan,min,0
1983,Feb,max,57
1983,Feb,mean,26
1983,Feb,min,7
1983,Mar,max,61
1983,Mar,mean,34
1983,Mar,min,22
1983,Apr,max,83
1983,Apr,mean,43
1983,Apr,min,34
1983,May,max,81
1983,May,mean,51
1983,May,min,40
1983,Jun,max,97
1983,Jun,mean,62
1983,Jun,min,53
1983,Jul,max,99
1983,Jul,mean,69
1983,Jul,min,60
1983,Aug,max,97
1983,Aug,mean,66
1983,Aug,min,55
1983,Sep,max,99
1983,Sep,mean,62
1983,Sep,min,51
1983,Oct,max,85
1983,Oct,mean,48
1983,Oct,min,32
1983,Nov,max,69
1983,Nov,mean,39
1983,Nov,min,28
1983,Dec,max,59
1983,Dec,mean,25
1983,Dec,min,0
1984,Jan,max,51
1984,Jan,mean,21
1984,Jan,min,1
1984,Feb,max,60
1984,Feb,mean,31
1984,Feb,min,13
1984,Mar,max,54
1984,Mar,mean,26
1984,Mar,min,6
1984,Apr,max,84
1984,Apr,mean,40
1984,Apr,min,29
1984,May,max,89
1984,May,mean,50
1984,May,min,41
1984,Jun,max,98
1984,Jun,mean,61
1984,Jun,min,51
1984,Jul,max,98
1984,Jul,mean,66
1984,Jul,min,58
1984,Aug,max,93
1984,Aug,mean,67
1984,Aug,min,56
1984,Sep,max,85
1984,Sep,mean,53
1984,Sep,min,40
1984,Oct,max,78
1984,Oct,mean,46
1984,Oct,min,33
1984,Nov,max,68
1984,Nov,mean,37
1984,Nov,min,25
1984,Dec,max,73
1984,Dec,mean,32
1984,Dec,min,13
1985,Jan,max,45
1985,Jan,mean,18
1985,Jan,min,6
1985,Feb,max,70
1985,Feb,mean,26
1985,Feb,min,8
1985,Mar,max,74
1985,Mar,mean,32
1985,Mar,min,18
1985,Apr,max,84
1985,Apr,mean,41
1985,Apr,min,26
1985,May,max,89
1985,May,mean,50
1985,May,min,39
1985,Jun,max,84
1985,Jun,mean,57
1985,Jun,min,51
1985,Jul,max,92
1985,Jul,mean,65
1985,Jul,min,54
1985,Aug,max,93
1985,Aug,mean,64
1985,Aug,min,53
1985,Sep,max,90
1985,Sep,mean,58
1985,Sep,min,45
1985,Oct,max,78
1985,Oct,mean,48
1985,Oct,min,35
1985,Nov,max,73
1985,Nov,mean,39
1985,Nov,min,25
1985,Dec,max,60
1985,Dec,mean,24
1985,Dec,min,7
1986,Jan,max,58
1986,Jan,mean,23
1986,Jan,min,1
1986,Feb,max,47
1986,Feb,mean,23
1986,Feb,min,13
1986,Mar,max,77
1986,Mar,mean,31
1986,Mar,min,7
1986,Apr,max,72
1986,Apr,mean,42
1986,Apr,min,34
1986,May,max,90
1986,May,mean,50
1986,May,min,36
1986,Jun,max,89
1986,Jun,mean,57
1986,Jun,min,45
1986,Jul,max,95
1986,Jul,mean,64
1986,Jul,min,54
1986,Aug,max,87
1986,Aug,mean,63
1986,Aug,min,47
1986,Sep,max,87
1986,Sep,mean,55
1986,Sep,min,45
1986,Oct,max,80
1986,Oct,mean,46
1986,Oct,min,34
1986,Nov,max,72
1986,Nov,mean,34
1986,Nov,min,19
1986,Dec,max,64
1986,Dec,mean,29
1986,Dec,min,15
1987,Jan,max,50
1987,Jan,mean,22
1987,Jan,min,8
1987,Feb,max,47
1987,Feb,mean,21
1987,Feb,min,-1
1987,Mar,max,65
1987,Mar,mean,32
1987,Mar,min,12
1987,Apr,max,72
1987,Apr,mean,39
1987,Apr,min,31
1987,May,max,93
1987,May,mean,48
1987,May,min,39
1987,Jun,max,87
1987,Jun,mean,57
1987,Jun,min,50
1987,Jul,max,95
1987,Jul,mean,64
1987,Jul,min,57
1987,Aug,max,96
1987,Aug,mean,62
1987,Aug,min,54
1987,Sep,max,86
1987,Sep,mean,58
1987,Sep,min,48
1987,Oct,max,73
1987,Oct,mean,46
1987,Oct,min,37
1987,Nov,max,78
1987,Nov,mean,36
1987,Nov,min,16
1987,Dec,max,58
1987,Dec,mean,30
1987,Dec,min,3
1988,Jan,max,58
1988,Jan,mean,20
1988,Jan,min,-4
1988,Feb,max,60
1988,Feb,mean,25
1988,Feb,min,8
1988,Mar,max,69
1988,Mar,mean,31
1988,Mar,min,12
1988,Apr,max,67
1988,Apr,mean,41
1988,Apr,min,33
1988,May,max,85
1988,May,mean,50
1988,May,min,41
1988,Jun,max,98
1988,Jun,mean,59
1988,Jun,min,47
1988,Jul,max,99
1988,Jul,mean,65
1988,Jul,min,50
1988,Aug,max,96
1988,Aug,mean,67
1988,Aug,min,53
1988,Sep,max,83
1988,Sep,mean,56
1988,Sep,min,44
1988,Oct,max,83
1988,Oct,mean,43
1988,Oct,min,31
1988,Nov,max,67
1988,Nov,mean,39
1988,Nov,min,28
1988,Dec,max,60
1988,Dec,mean,25
1988,Dec,min,2
1989,Jan,max,54
1989,Jan,mean,26
1989,Jan,min,5
1989,Feb,max,66
1989,Feb,mean,23
1989,Feb,min,10
1989,Mar,max,81
1989,Mar,mean,29
1989,Mar,min,9
1989,Apr,max,66
1989,Apr,mean,38
1989,Apr,min,31
1989,May,max,82
1989,May,mean,51
1989,May,min,44
1989,Jun,max,93
1989,Jun,mean,60
1989,Jun,min,53
1989,Jul,max,96
1989,Jul,mean,64
1989,Jul,min,59
1989,Aug,max,90
1989,Aug,mean,64
1989,Aug,min,54
1989,Sep,max,86
1989,Sep,mean,57
1989,Sep,min,42
1989,Oct,max,76
1989,Oct,mean,47
1989,Oct,min,38
1989,Nov,max,71
1989,Nov,mean,36
1989,Nov,min,15
1989,Dec,max,53
1989,Dec,mean,14
1989,Dec,min,4
1990,Jan,max,63
1990,Jan,mean,30
1990,Jan,min,14
1990,Feb,max,65
1990,Feb,mean,25
1990,Feb,min,3
1990,Mar,max,73
1990,Mar,mean,31
1990,Mar,min,12
1990,Apr,max,92
1990,Apr,mean,40
1990,Apr,min,31
1990,May,max,81
1990,May,mean,48
1990,May,min,42
1990,Jun,max,87
1990,Jun,mean,58
1990,Jun,min,49
1990,Jul,max,93
1990,Jul,mean,65
1990,Jul,min,57
1990,Aug,max,92
1990,Aug,mean,66
1990,Aug,min,55
1990,Sep,max,87
1990,Sep,mean,57
1990,Sep,min,44
1990,Oct,max,86
1990,Oct,mean,50
1990,Oct,min,34
1990,Nov,max,77
1990,Nov,mean,40
1990,Nov,min,28
1990,Dec,max,67
1990,Dec,mean,33
1990,Dec,min,18
1991,Jan,max,49
1991,Jan,mean,22
1991,Jan,min,4
1991,Feb,max,65
1991,Feb,mean,28
1991,Feb,min,9
1991,Mar,max,79
1991,Mar,mean,34
1991,Mar,min,23
1991,Apr,max,86
1991,Apr,mean,42
1991,Apr,min,35
1991,May,max,91
1991,May,mean,53
1991,May,min,44
1991,Jun,max,97
1991,Jun,mean,61
1991,Jun,min,50
1991,Jul,max,99
1991,Jul,mean,66
1991,Jul,min,58
1991,Aug,max,93
1991,Aug,mean,66
1991,Aug,min,57
1991,Sep,max,90
1991,Sep,mean,56
1991,Sep,min,39
1991,Oct,max,80
1991,Oct,mean,48
1991,Oct,min,34
1991,Nov,max,73
1991,Nov,mean,39
1991,Nov,min,28
1991,Dec,max,64
1991,Dec,mean,28
1991,Dec,min,10
1992,Jan,max,58
1992,Jan,mean,24
1992,Jan,min,7
1992,Feb,max,55
1992,Feb,mean,25
1992,Feb,min,7
1992,Mar,max,61
1992,Mar,mean,28
1992,Mar,min,9
1992,Apr,max,76
1992,Apr,mean,39
1992,Apr,min,31
1992,May,max,92
1992,May,mean,48
1992,May,min,37
1992,Jun,max,87
1992,Jun,mean,59
1992,Jun,min,48
1992,Jul,max,89
1992,Jul,mean,62
1992,Jul,min,54
1992,Aug,max,91
1992,Aug,mean,63
1992,Aug,min,57
1992,Sep,max,85
1992,Sep,mean,56
1992,Sep,min,39
1992,Oct,max,78
1992,Oct,mean,45
1992,Oct,min,35
1992,Nov,max,64
1992,Nov,mean,37
1992,Nov,min,25
1992,Dec,max,56
1992,Dec,mean,28
1992,Dec,min,13
1993,Jan,max,62
1993,Jan,mean,25
1993,Jan,min,10
1993,Feb,max,51
1993,Feb,mean,19
1993,Feb,min,2
1993,Mar,max,60
1993,Mar,mean,30
1993,Mar,min,12
1993,Apr,max,73
1993,Apr,mean,41
1993,Apr,min,33
1993,May,max,91
1993,May,mean,52
1993,May,min,45
1993,Jun,max,93
1993,Jun,mean,59
1993,Jun,min,48
1993,Jul,max,99
1993,Jul,mean,66
1993,Jul,min,56
1993,Aug,max,96
1993,Aug,mean,66
1993,Aug,min,57
1993,Sep,max,93
1993,Sep,mean,57
1993,Sep,min,43
1993,Oct,max,77
1993,Oct,mean,44
1993,Oct,min,34
1993,Nov,max,78
1993,Nov,mean,37
1993,Nov,min,18
1993,Dec,max,56
1993,Dec,mean,28
1993,Dec,min,7
1994,Jan,max,54
1994,Jan,mean,13
1994,Jan,min,-4
1994,Feb,max,62
1994,Feb,mean,20
1994,Feb,min,3
1994,Mar,max,67
1994,Mar,mean,31
1994,Mar,min,18
1994,Apr,max,88
1994,Apr,mean,42
1994,Apr,min,34
1994,May,max,86
1994,May,mean,49
1994,May,min,43
1994,Jun,max,95
1994,Jun,mean,62
1994,Jun,min,50
1994,Jul,max,97
1994,Jul,mean,69
1994,Jul,min,61
1994,Aug,max,92
1994,Aug,mean,64
1994,Aug,min,56
1994,Sep,max,87
1994,Sep,mean,57
1994,Sep,min,50
1994,Oct,max,77
1994,Oct,mean,47
1994,Oct,min,39
1994,Nov,max,79
1994,Nov,mean,41
1994,Nov,min,22
1994,Dec,max,65
1994,Dec,mean,31
1994,Dec,min,13
1995,Jan,max,66
1995,Jan,mean,28
1995,Jan,min,12
1995,Feb,max,55
1995,Feb,mean,21
1995,Feb,min,1
1995,Mar,max,67
1995,Mar,mean,32
1995,Mar,min,19
1995,Apr,max,68
1995,Apr,mean,38
1995,Apr,min,20
1995,May,max,89
1995,May,mean,49
1995,May,min,38
1995,Jun,max,95
1995,Jun,mean,60
1995,Jun,min,53
1995,Jul,max,100
1995,Jul,mean,67
1995,Jul,min,59
1995,Aug,max,96
1995,Aug,mean,64
1995,Aug,min,55
1995,Sep,max,89
1995,Sep,mean,55
1995,Sep,min,46
1995,Oct,max,83
1995,Oct,mean,50
1995,Oct,min,38
1995,Nov,max,65
1995,Nov,mean,35
1995,Nov,min,23
1995,Dec,max,50
1995,Dec,mean,26
1995,Dec,min,17
1996,Jan,max,60
1996,Jan,mean,23
1996,Jan,min,3
1996,Feb,max,58
1996,Feb,mean,24
1996,Feb,min,4
1996,Mar,max,62
1996,Mar,mean,29
1996,Mar,min,13
1996,Apr,max,80
1996,Apr,mean,40
1996,Apr,min,32
1996,May,max,91
1996,May,mean,49
1996,May,min,39
1996,Jun,max,87
1996,Jun,mean,60
1996,Jun,min,51
1996,Jul,max,89
1996,Jul,mean,64
1996,Jul,min,59
1996,Aug,max,90
1996,Aug,mean,64
1996,Aug,min,59
1996,Sep,max,85
1996,Sep,mean,58
1996,Sep,min,47
1996,Oct,max,73
1996,Oct,mean,46
1996,Oct,min,36
1996,Nov,max,73
1996,Nov,mean,34
1996,Nov,min,20
1996,Dec,max,61
1996,Dec,mean,33
1996,Dec,min,5
1997,Jan,max,55
1997,Jan,mean,22
1997,Jan,min,0
1997,Feb,max,66
1997,Feb,mean,29
1997,Feb,min,15
1997,Mar,max,63
1997,Mar,mean,30
1997,Mar,min,17
1997,Apr,max,75
1997,Apr,mean,39
1997,Apr,min,26
1997,May,max,76
1997,May,mean,48
1997,May,min,43
1997,Jun,max,94
1997,Jun,mean,60
1997,Jun,min,47
1997,Jul,max,95
1997,Jul,mean,65
1997,Jul,min,56
1997,Aug,max,94
1997,Aug,mean,64
1997,Aug,min,58
1997,Sep,max,84
1997,Sep,mean,56
1997,Sep,min,44
1997,Oct,max,84
1997,Oct,mean,45
1997,Oct,min,32
1997,Nov,max,66
1997,Nov,mean,36
1997,Nov,min,22
1997,Dec,max,53
1997,Dec,mean,29
1997,Dec,min,13
1998,Jan,max,60
1998,Jan,mean,28
1998,Jan,min,7
1998,Feb,max,53
1998,Feb,mean,30
1998,Feb,min,7
1998,Mar,max,89
1998,Mar,mean,34
1998,Mar,min,10
1998,Apr,max,78
1998,Apr,mean,42
1998,Apr,min,34
1998,May,max,89
1998,May,mean,52
1998,May,min,41
1998,Jun,max,88
1998,Jun,mean,57
1998,Jun,min,48
1998,Jul,max,93
1998,Jul,mean,66
1998,Jul,min,60
1998,Aug,max,92
1998,Aug,mean,65
1998,Aug,min,57
1998,Sep,max,88
1998,Sep,mean,58
1998,Sep,min,46
1998,Oct,max,77
1998,Oct,mean,47
1998,Oct,min,38
1998,Nov,max,63
1998,Nov,mean,38
1998,Nov,min,31
1998,Dec,max,76
1998,Dec,mean,32
1998,Dec,min,11
1999,Jan,max,62
1999,Jan,mean,22
1999,Jan,min,2
1999,Feb,max,58
1999,Feb,mean,26
1999,Feb,min,8
1999,Mar,max,72
1999,Mar,mean,32
1999,Mar,min,13
1999,Apr,max,76
1999,Apr,mean,41
1999,Apr,min,32
1999,May,max,87
1999,May,mean,51
1999,May,min,43
1999,Jun,max,97
1999,Jun,mean,62
1999,Jun,min,51
1999,Jul,max,98
1999,Jul,mean,67
1999,Jul,min,55
1999,Aug,max,94
1999,Aug,mean,64
1999,Aug,min,55
1999,Sep,max,87
1999,Sep,mean,60
1999,Sep,min,50
1999,Oct,max,75
1999,Oct,mean,45
1999,Oct,min,35
1999,Nov,max,72
1999,Nov,mean,40
1999,Nov,min,27
1999,Dec,max,59
1999,Dec,mean,31
1999,Dec,min,12
2000,Jan,max,64
2000,Jan,mean,19
2000,Jan,min,0
2000,Feb,max,61
2000,Feb,mean,27
2000,Feb,min,13
2000,Mar,max,72
2000,Mar,mean,36
2000,Mar,min,16
2000,Apr,max,75
2000,Apr,mean,40
2000,Apr,min,34
2000,May,max,91
2000,May,mean,48
2000,May,min,42
2000,Jun,max,92
2000,Jun,mean,59
2000,Jun,min,46
2000,Jul,max,87
2000,Jul,mean,63
2000,Jul,min,55
2000,Aug,max,89
2000,Aug,mean,63
2000,Aug,min,56
2000,Sep,max,87
2000,Sep,mean,55
2000,Sep,min,38
2000,Oct,max,80
2000,Oct,mean,46
2000,Oct,min,33
2000,Nov,max,66
2000,Nov,mean,38
2000,Nov,min,17
2000,Dec,max,64
2000,Dec,mean,22
2000,Dec,min,8
2001,Jan,max,44
2001,Jan,mean,24
2001,Jan,min,12
2001,Feb,max,54
2001,Feb,mean,24
2001,Feb,min,10
2001,Mar,max,51
2001,Mar,mean,30
2001,Mar,min,17
2001,Apr,max,85
2001,Apr,mean,41
2001,Apr,min,32
2001,May,max,92
2001,May,mean,51
2001,May,min,38
2001,Jun,max,92
2001,Jun,mean,62
2001,Jun,min,50
2001,Jul,max,95
2001,Jul,mean,62
2001,Jul,min,56
2001,Aug,max,97
2001,Aug,mean,67
2001,Aug,min,58
2001,Sep,max,87
2001,Sep,mean,57
2001,Sep,min,48
2001,Oct,max,83
2001,Oct,mean,47
2001,Oct,min,34
2001,Nov,max,73
2001,Nov,mean,40
2001,Nov,min,29
2001,Dec,max,72
2001,Dec,mean,35
2001,Dec,min,23
2002,Jan,max,65
2002,Jan,mean,31
2002,Jan,min,22
2002,Feb,max,60
2002,Feb,mean,28
2002,Feb,min,13
2002,Mar,max,66
2002,Mar,mean,33
2002,Mar,min,19
2002,Apr,max,93
2002,Apr,mean,41
2002,Apr,min,28
2002,May,max,84
2002,May,mean,49
2002,May,min,37
2002,Jun,max,93
2002,Jun,mean,58
2002,Jun,min,47
2002,Jul,max,97
2002,Jul,mean,66
2002,Jul,min,58
2002,Aug,max,101
2002,Aug,mean,67
2002,Aug,min,58
2002,Sep,max,91
2002,Sep,mean,61
2002,Sep,min,50
2002,Oct,max,85
2002,Oct,mean,46
2002,Oct,min,32
2002,Nov,max,70
2002,Nov,mean,37
2002,Nov,min,19
2002,Dec,max,61
2002,Dec,mean,27
2002,Dec,min,12
2003,Jan,max,44
2003,Jan,mean,18
2003,Jan,min,1
2003,Feb,max,53
2003,Feb,mean,20
2003,Feb,min,0
2003,Mar,max,69
2003,Mar,mean,29
2003,Mar,min,9
2003,Apr,max,84
2003,Apr,mean,38
2003,Apr,min,28
2003,May,max,82
2003,May,mean,48
2003,May,min,39
2003,Jun,max,93
2003,Jun,mean,58
2003,Jun,min,50
2003,Jul,max,93
2003,Jul,mean,66
2003,Jul,min,59
2003,Aug,max,93
2003,Aug,mean,67
2003,Aug,min,55
2003,Sep,max,83
2003,Sep,mean,59
2003,Sep,min,49
2003,Oct,max,74
2003,Oct,mean,46
2003,Oct,min,33
2003,Nov,max,76
2003,Nov,mean,39
2003,Nov,min,27
2003,Dec,max,58
2003,Dec,mean,29
2003,Dec,min,16
2004,Jan,max,50
2004,Jan,mean,14
2004,Jan,min,-7
2004,Feb,max,55
2004,Feb,mean,26
2004,Feb,min,12
2004,Mar,max,67
2004,Mar,mean,33
2004,Mar,min,21
2004,Apr,max,86
2004,Apr,mean,41
2004,Apr,min,30
2004,May,max,89
2004,May,mean,50
2004,May,min,40
2004,Jun,max,93
2004,Jun,mean,58
2004,Jun,min,49
2004,Jul,max,89
2004,Jul,mean,64
2004,Jul,min,59
2004,Aug,max,91
2004,Aug,mean,64
2004,Aug,min,56
2004,Sep,max,85
2004,Sep,mean,58
2004,Sep,min,47
2004,Oct,max,74
2004,Oct,mean,48
2004,Oct,min,38
2004,Nov,max,66
2004,Nov,mean,37
2004,Nov,min,24
2004,Dec,max,61
2004,Dec,mean,28
2004,Dec,min,6
2005,Jan,max,63
2005,Jan,mean,20
2005,Jan,min,-2
2005,Feb,max,54
2005,Feb,mean,25
2005,Feb,min,13
2005,Mar,max,55
2005,Mar,mean,28
2005,Mar,min,11
2005,Apr,max,87
2005,Apr,mean,41
2005,Apr,min,33
2005,May,max,78
2005,May,mean,46
2005,May,min,39
2005,Jun,max,95
2005,Jun,mean,60
2005,Jun,min,48
2005,Jul,max,94
2005,Jul,mean,65
2005,Jul,min,56
2005,Aug,max,97
2005,Aug,mean,66
2005,Aug,min,60
2005,Sep,max,91
2005,Sep,mean,60
2005,Sep,min,48
2005,Oct,max,81
2005,Oct,mean,48
2005,Oct,min,33
2005,Nov,max,70
2005,Nov,mean,38
2005,Nov,min,21
2005,Dec,max,51
2005,Dec,mean,27
2005,Dec,min,10
2006,Jan,max,60
2006,Jan,mean,30
2006,Jan,min,10
2006,Feb,max,57
2006,Feb,mean,24
2006,Feb,min,7
2006,Mar,max,73
2006,Mar,mean,31
2006,Mar,min,18
2006,Apr,max,77
2006,Apr,mean,42
2006,Apr,min,33
2006,May,max,84
2006,May,mean,50
2006,May,min,44
2006,Jun,max,93
2006,Jun,mean,61
2006,Jun,min,52
2006,Jul,max,96
2006,Jul,mean,67
2006,Jul,min,62
2006,Aug,max,98
2006,Aug,mean,64
2006,Aug,min,55
2006,Sep,max,84
2006,Sep,mean,57
2006,Sep,min,45
2006,Oct,max,80
2006,Oct,mean,47
2006,Oct,min,37
2006,Nov,max,69
2006,Nov,mean,42
2006,Nov,min,32
2006,Dec,max,67
2006,Dec,mean,34
2006,Dec,min,20
2007,Jan,max,69
2007,Jan,mean,26
2007,Jan,min,3
2007,Feb,max,49
2007,Feb,mean,19
2007,Feb,min,8
2007,Mar,max,68
2007,Mar,mean,29
2007,Mar,min,5
2007,Apr,max,86
2007,Apr,mean,39
2007,Apr,min,28
2007,May,max,92
2007,May,mean,52
2007,May,min,42
2007,Jun,max,96
2007,Jun,mean,60
2007,Jun,min,50
2007,Jul,max,92
2007,Jul,mean,65
2007,Jul,min,56
2007,Aug,max,96
2007,Aug,mean,65
2007,Aug,min,55
2007,Sep,max,95
2007,Sep,mean,59
2007,Sep,min,47
2007,Oct,max,86
2007,Oct,mean,52
2007,Oct,min,37
2007,Nov,max,69
2007,Nov,mean,36
2007,Nov,min,22
2007,Dec,max,53
2007,Dec,mean,26
2007,Dec,min,17
2008,Jan,max,67
2008,Jan,mean,26
2008,Jan,min,7
2008,Feb,max,62
2008,Feb,mean,26
2008,Feb,min,11
2008,Mar,max,60
2008,Mar,mean,31
2008,Mar,min,25
2008,Apr,max,84
2008,Apr,mean,42
2008,Apr,min,33
2008,May,max,83
2008,May,mean,50
2008,May,min,40
2008,Jun,max,95
2008,Jun,mean,62
2008,Jun,min,52
2008,Jul,max,95
2008,Jul,mean,67
2008,Jul,min,61
2008,Aug,max,87
2008,Aug,mean,63
2008,Aug,min,56
2008,Sep,max,89
2008,Sep,mean,59
2008,Sep,min,48
2008,Oct,max,74
2008,Oct,mean,46
2008,Oct,min,33
2008,Nov,max,70
2008,Nov,mean,37
2008,Nov,min,22
2008,Dec,max,63
2008,Dec,mean,28
2008,Dec,min,9
2009,Jan,max,40
2009,Jan,mean,18
2009,Jan,min,6
2009,Feb,max,60
2009,Feb,mean,25
2009,Feb,min,8
2009,Mar,max,61
2009,Mar,mean,31
2009,Mar,min,14
2009,Apr,max,93
2009,Apr,mean,42
2009,Apr,min,34
2009,May,max,92
2009,May,mean,51
2009,May,min,45
2009,Jun,max,84
2009,Jun,mean,58
2009,Jun,min,48
2009,Jul,max,87
2009,Jul,mean,64
2009,Jul,min,58
2009,Aug,max,95
2009,Aug,mean,66
2009,Aug,min,56
2009,Sep,max,81
2009,Sep,mean,56
2009,Sep,min,46
2009,Oct,max,73
2009,Oct,mean,45
2009,Oct,min,34
2009,Nov,max,69
2009,Nov,mean,43
2009,Nov,min,35
2009,Dec,max,69
2009,Dec,mean,27
2009,Dec,min,10
2010,Jan,max,57
2010,Jan,mean,23
2010,Jan,min,6
2010,Feb,max,50
2010,Feb,mean,28
2010,Feb,min,14
2010,Mar,max,72
2010,Mar,mean,38
2010,Mar,min,25
2010,Apr,max,90
2010,Apr,mean,44
2010,Apr,min,35
2010,May,max,94
2010,May,mean,54
2010,May,min,40
2010,Jun,max,94
2010,Jun,mean,62
2010,Jun,min,53
2010,Jul,max,100
2010,Jul,mean,69
2010,Jul,min,60
2010,Aug,max,96
2010,Aug,mean,66
2010,Aug,min,60
2010,Sep,max,95
2010,Sep,mean,61
2010,Sep,min,51
2010,Oct,max,84
2010,Oct,mean,48
2010,Oct,min,37
2010,Nov,max,64
2010,Nov,mean,38
2010,Nov,min,28
2010,Dec,max,57
2010,Dec,mean,27
2010,Dec,min,14
2011,Jan,max,56
2011,Jan,mean,22
2011,Jan,min,-2
2011,Feb,max,60
2011,Feb,mean,22
2011,Feb,min,13
2011,Mar,max,70
2011,Mar,mean,32
2011,Mar,min,12
2011,Apr,max,78
2011,Apr,mean,42
2011,Apr,min,33
2011,May,max,87
2011,May,mean,52
2011,May,min,44
2011,Jun,max,92
2011,Jun,mean,60
2011,Jun,min,49
2011,Jul,max,103
2011,Jul,mean,69
2011,Jul,min,63
2011,Aug,max,93
2011,Aug,mean,67
2011,Aug,min,62
2011,Sep,max,87
2011,Sep,mean,60
2011,Sep,min,48
2011,Oct,max,87
2011,Oct,mean,51
2011,Oct,min,34
2011,Nov,max,69
2011,Nov,mean,42
2011,Nov,min,31
2011,Dec,max,63
2011,Dec,mean,32
2011,Dec,min,18
2012,Jan,max,60
2012,Jan,mean,27
2012,Jan,min,6
2012,Feb,max,59
2012,Feb,mean,30
2012,Feb,min,16
2012,Mar,max,83
2012,Mar,mean,38
2012,Mar,min,20
2012,Apr,max,87
2012,Apr,mean,44
2012,Apr,min,34
2012,May,max,86
2012,May,mean,54
2012,May,min,45
2012,Jun,max,97
2012,Jun,mean,60
2012,Jun,min,50
2012,Jul,max,97
2012,Jul,mean,67
2012,Jul,min,61
2012,Aug,max,92
2012,Aug,mean,67
2012,Aug,min,60
2012,Sep,max,82
2012,Sep,mean,58
2012,Sep,min,49
2012,Oct,max,78
2012,Oct,mean,50
2012,Oct,min,35
2012,Nov,max,66
2012,Nov,mean,36
2012,Nov,min,30
2012,Dec,max,60
2012,Dec,mean,32
2012,Dec,min,21
2013,Jan,max,61
2013,Jan,mean,24
2013,Jan,min,4
2013,Feb,max,47
2013,Feb,mean,25
2013,Feb,min,15
2013,Mar,max,59
2013,Mar,mean,32
2013,Mar,min,21
2013,Apr,max,75
2013,Apr,mean,41
2013,Apr,min,31
2013,May,max,94
2013,May,mean,50
2013,May,min,40
2013,Jun,max,95
2013,Jun,mean,61
2013,Jun,min,53
2013,Jul,max,99
2013,Jul,mean,69
2013,Jul,min,60
2013,Aug,max,89
2013,Aug,mean,64
2013,Aug,min,59
2013,Sep,max,97
2013,Sep,mean,56
2013,Sep,min,44
2013,Oct,max,82
2013,Oct,mean,49
2013,Oct,min,35
2013,Nov,max,72
2013,Nov,mean,35
2013,Nov,min,18
2013,Dec,max,57
2013,Dec,mean,26
2013,Dec,min,9
2014,Jan,max,59
2014,Jan,mean,20
2014,Jan,min,2
2014,Feb,max,55
2014,Feb,mean,22
2014,Feb,min,8
2014,Mar,max,60
2014,Mar,mean,25
2014,Mar,min,11
2014,Apr,max,75
2014,Apr,mean,40
2014,Apr,min,31
2014,May,max,85
2014,May,mean,51
2014,May,min,43
2014,Jun,max,89
2014,Jun,mean,60
2014,Jun,min,51
2014,Jul,max,92
2014,Jul,mean,66
2014,Jul,min,59
2014,Aug,max,91
2014,Aug,mean,63
2014,Aug,min,58
2014,Sep,max,93
2014,Sep,mean,58
2014,Sep,min,46
2014,Oct,max,81
2014,Oct,mean,50
2014,Oct,min,39
2014,Nov,max,66
2014,Nov,mean,36
2014,Nov,min,23
2014,Dec,max,64
2014,Dec,mean,33
2014,Dec,min,18
2015,Jan,max,52
2015,Jan,mean,19
2015,Jan,min,-1
2015,Feb,max,39
2015,Feb,mean,10
2015,Feb,min,-3
2015,Mar,max,57
2015,Mar,mean,26
2015,Mar,min,9
2015,Apr,max,69
2015,Apr,mean,40
2015,Apr,min,30
2015,May,max,89
2015,May,mean,51
2015,May,min,39
2015,Jun,max,88
2015,Jun,mean,57
2015,Jun,min,46
2015,Jul,max,92
2015,Jul,mean,66
2015,Jul,min,59
2015,Aug,max,91
2015,Aug,mean,67
2015,Aug,min,61
2015,Sep,max,96
2015,Sep,mean,61
2015,Sep,min,48
2015,Oct,max,76
2015,Oct,mean,47
2015,Oct,min,31
2015,Nov,max,76
2015,Nov,mean,41
2015,Nov,min,28
2015,Dec,max,69
2015,Dec,mean,39
2015,Dec,min,24
2016,Jan,max,58
2016,Jan,mean,26
2016,Jan,min,8
2016,Feb,max,65
2016,Feb,mean,26
2016,Feb,min,-9
2016,Mar,max,77
2016,Mar,mean,35
2016,Mar,min,21
2016,Apr,max,78
2016,Apr,mean,40
2016,Apr,min,22
2016,May,max,92
2016,May,mean,51
2016,May,min,42
2016,Jun,max,87
2016,Jun,mean,60
2016,Jun,min,54
2016,Jul,max,98
2016,Jul,mean,68
2016,Jul,min,59
2016,Aug,max,98
2016,Aug,mean,68
2016,Aug,min,61
2016,Sep,max,93
2016,Sep,mean,61
2016,Sep,min,48
2016,Oct,max,81
2016,Oct,mean,48
2016,Oct,min,34
2016,Nov,max,70
2016,Nov,mean,39
2016,Nov,min,30
2016,Dec,max,58
2016,Dec,mean,28
2016,Dec,min,4
2017,Jan,max,61
2017,Jan,mean,29
2017,Jan,min,11
2017,Feb,max,73
2017,Feb,mean,28
2017,Feb,min,11
2017,Mar,max,63
2017,Mar,mean,27
2017,Mar,min,9
2017,Apr,max,86
2017,Apr,mean,44
2017,Apr,min,33
2017,May,max,95
2017,May,mean,50
2017,May,min,42
2017,Jun,max,95
2017,Jun,mean,61
2017,Jun,min,47
2017,Jul,max,93
2017,Jul,mean,65
2017,Jul,min,56
2017,Aug,max,91
2017,Aug,mean,64
2017,Aug,min,57
2017,Sep,max,88
2017,Sep,mean,60
2017,Sep,min,50
2017,Oct,max,80
2017,Oct,mean,54
2017,Oct,min,40
2017,Nov,max,75
2017,Nov,mean,36
2017,Nov,min,22
2017,Dec,max,59
2017,Dec,mean,25
2017,Dec,min,2
2018,Jan,max,61
2018,Jan,mean,21
2018,Jan,min,-2
2018,Feb,max,72
2018,Feb,mean,30
2018,Feb,min,10
2018,Mar,max,64
2018,Mar,mean,31
2018,Mar,min,16
2018,Apr,max,70
2018,Apr,mean,38
2018,Apr,min,29
2018,May,max,90
2018,May,mean,52
2018,May,min,44
2018,Jun,max,92
2018,Jun,mean,60
2018,Jun,min,49
2018,Jul,max,98
2018,Jul,mean,68
2018,Jul,min,61
2018,Aug,max,98
2018,Aug,mean,70
2018,Aug,min,62
2018,Sep,max,97
2018,Sep,mean,63
2018,Sep,min,53
2018,Oct,max,86
2018,Oct,mean,47
2018,Oct,min,34
2018,Nov,max,70
2018,Nov,mean,37
2018,Nov,min,14
2018,Dec,max,65
2018,Dec,mean,30
2018,Dec,min,20
2019,Jan,max,59
2019,Jan,mean,23
2019,Jan,min,5
2019,Feb,max,65
2019,Feb,mean,26
2019,Feb,min,10
2019,Mar,max,70
2019,Mar,mean,32
2019,Mar,min,15
2019,Apr,max,77
2019,Apr,mean,44
2019,Apr,min,30
2019,May,max,89
2019,May,mean,50
2019,May,min,43
2019,Jun,max,87
2019,Jun,mean,61
2019,Jun,min,53
2019,Jul,max,98
2019,Jul,mean,71
2019,Jul,min,63
2019,Aug,max,95
2019,Aug,mean,66
2019,Aug,min,57
2019,Sep,max,92
2019,Sep,mean,60
2019,Sep,min,50
2019,Oct,max,81
2019,Oct,mean,51
2019,Oct,min,42
2019,Nov,max,72
2019,Nov,mean,36
2019,Nov,min,21
2019,Dec,max,63
2019,Dec,mean,31
2019,Dec,min,15
2020,Jan,max,74
2020,Jan,mean,31
2020,Jan,min,14
2020,Feb,max,64
2020,Feb,mean,31
2020,Feb,min,12
2020,Mar,max,72
2020,Mar,mean,34
2020,Mar,min,19
2020,Apr,max,62
2020,Apr,mean,39
2020,Apr,min,31
2020,May,max,83
2020,May,mean,48
2020,May,min,34
2020,Jun,max,92
2020,Jun,mean,61
2020,Jun,min,47
2020,Jul,max,95
2020,Jul,mean,68
2020,Jul,min,59
2020,Aug,max,94
2020,Aug,mean,66
2020,Aug,min,58
2020,Sep,max,85
2020,Sep,mean,57
2020,Sep,min,44
2020,Oct,max,78
2020,Oct,mean,48
2020,Oct,min,28
2020,Nov,max,75
2020,Nov,mean,39
2020,Nov,min,22
2020,Dec,max,63
2020,Dec,mean,29
2020,Dec,min,16
2021,Jan,max,52
2021,Jan,mean,25
2021,Jan,min,7
2021,Feb,max,50
2021,Feb,mean,25
2021,Feb,min,11
2021,Mar,max,74
2021,Mar,mean,33
2021,Mar,min,13
2021,Apr,max,78
2021,Apr,mean,43
2021,Apr,min,29
2021,May,max,92
2021,May,mean,53
2021,May,min,44
2021,Jun,max,100
2021,Jun,mean,65
2021,Jun,min,54
2021,Jul,max,95
2021,Jul,mean,66
2021,Jul,min,57
2021,Aug,max,96
2021,Aug,mean,70
2021,Aug,min,62
2021,Sep,max,86
2021,Sep,mean,63
2021,Sep,min,52
2021,Oct,max,78
2021,Oct,mean,54
2021,Oct,min,41
2021,Nov,max,70
2021,Nov,mean,37
2021,Nov,min,26
2021,Dec,max,64
2021,Dec,mean,33
2021,Dec,min,20
2022,Jan,max,52
2022,Jan,mean,19
2022,Jan,min,4
2022,Feb,max,69
2022,Feb,mean,24
2022,Feb,min,10
2022,Mar,max,68
2022,Mar,mean,33
2022,Mar,min,17
2022,Apr,max,73
2022,Apr,mean,42
2022,Apr,min,35
2022,May,max,89
2022,May,mean,52
2022,May,min,41
2022,Jun,max,90
2022,Jun,mean,60
2022,Jun,min,51
2022,Jul,max,100
2022,Jul,mean,68
2022,Jul,min,61
2022,Aug,max,98
2022,Aug,mean,68
2022,Aug,min,63
2022,Sep,max,84
2022,Sep,mean,58
2022,Sep,min,48
2022,Oct,max,78
2022,Oct,mean,50
2022,Oct,min,39
2022,Nov,max,77
2022,Nov,mean,41
2022,Nov,min,25
2022,Dec,max,63
2022,Dec,mean,30
2022,Dec,min,11
2023,Jan,max,58
2023,Jan,mean,32
2023,Jan,min,23
2023,Feb,max,62
2023,Feb,mean,26
2023,Feb,min,-10
2023,Mar,max,61
2023,Mar,mean,34
2023,Mar,min,28
2023,Apr,max,88
2023,Apr,mean,44
2023,Apr,min,31
2023,May,max,86
2023,May,mean,51
2023,May,min,42
2023,Jun,max,84
2023,Jun,mean,59
2023,Jun,min,47
2023,Jul,max,91
2023,Jul,mean,68
2023,Jul,min,61
2023,Aug,max,88
2023,Aug,mean,65
2023,Aug,min,59
2023,Sep,max,93
2023,Sep,mean,62
2023,Sep,min,49
2023,Oct,max,83
2023,Oct,min,53
